expected_speed,predicted_speed,angle,error
31.78,31.257500000000004,-0.552,11
31.560000000000002,30.955000000000002,-0.552,11
31.339999999999996,30.9,-0.552,11
31.119999999999997,30.9,-0.552,11
30.9,30.9,-0.552,11
30.9,30.9,-0.552,11
30.9,30.9,-0.552,11
30.9,30.9,-0.552,11
30.9,30.9,-0.552,11
30.9,30.9,-0.552,11
30.9,30.9,-0.552,11
30.9,30.9,-0.552,11
30.9,30.9,-0.552,11
30.9,30.9,-0.552,11
30.9,30.9,-0.552,11
30.9,30.9,-0.552,11
30.9,30.9,-0.552,11
30.9,30.9,-0.552,11
30.9,30.9,-0.552,11
30.9,30.9,-0.552,11
30.9,30.9,-0.552,11
30.9,30.9,-0.552,11
30.9,30.9,-0.552,11
30.9,30.9,-0.552,11
30.9,30.9,-0.552,11
30.9,30.9,-0.552,11
30.9,30.9,-0.552,11
30.9,30.9,-0.552,11
30.9,30.9,-0.552,11
30.9,30.9,-0.552,11
30.9,30.9,-0.552,11
30.9,30.9,-0.552,11
30.9,30.9,-0.552,11
30.9,30.9,-0.552,11
30.9,30.9,-0.552,11
30.9,30.9,-0.552,11
30.9,30.9,-0.552,11
30.9,30.9,-0.552,11
30.9,30.9,-0.552,11
30.9,30.9,-0.552,11
30.9,30.9,-0.552,11
30.9,30.9,-0.552,11
30.9,30.9,-0.552,11
30.9,30.9,-0.552,11
30.9,30.9,-0.552,11
30.9,30.9,-0.552,11
30.9,30.9,-0.552,11
30.9,30.9,-0.552,11
30.9,30.9,-0.552,11
30.9,30.9,-0.552,11
30.9,30.9,-0.552,11
30.9,30.9,-0.552,11
30.9,30.9,-0.552,11
30.9,30.9,-0.552,11
30.9,30.9,-0.552,11
30.9,30.9,-0.552,11
30.9,30.9,-0.552,11
30.9,30.9,-0.552,11
30.9,30.9,-0.552,11
30.9,30.9,-0.552,11
30.9,30.9,-0.552,11
30.9,30.9,-0.552,11
30.9,30.9,-0.552,11
30.9,30.9,-0.552,11
30.9,30.9,-0.552,11
30.9,30.9,-0.552,11
30.9,30.9,-0.552,11
30.9,30.9,-0.552,11
30.9,30.9,-0.552,11
30.9,30.9,-0.552,11
30.9,30.9,-0.552,11
30.9,30.9,-0.552,11
30.9,30.9,-0.552,11
30.940000000000005,31.034999999999997,-0.552,9
30.940000000000005,30.9,-1.104,11
30.940000000000005,30.9,-0.552,11
30.939999999999998,30.9,-0.552,11
30.939999999999998,30.9,-0.552,11
30.9,30.9,-0.552,11
30.9,30.9,-0.552,11
30.9,30.9,-0.552,11
30.9,30.9,-0.552,11
30.9,30.9,-0.552,11
30.9,30.9,-0.552,11
30.9,30.9,-0.552,11
30.860000000000003,30.765000000000015,-1.104,13
30.860000000000003,30.9,-0.552,11
30.860000000000003,30.9,-0.552,11
30.859999999999996,30.9,-0.552,11
30.859999999999996,30.9,-0.552,11
30.9,30.9,-0.552,11
30.9,30.9,-0.552,11
30.9,30.9,-0.552,11
30.9,30.9,-0.552,11
30.9,30.9,-0.552,11
30.9,30.9,-0.552,11
30.9,30.9,-0.552,11
30.9,30.9,-0.552,11
30.9,30.9,-0.552,11
30.9,30.9,-0.552,11
30.9,30.9,-0.552,11
30.9,30.9,-0.552,11
30.9,30.9,-0.552,11
30.8,30.5625,-1.6560000000000001,16
30.8,30.9,-0.552,11
30.8,30.9,-0.552,11
30.8,30.9,-0.552,11
30.8,30.9,-0.552,11
30.9,30.9,-0.552,11
30.9,30.9,-0.552,11
30.9,30.9,-0.552,11
30.9,30.9,-0.552,11
30.9,30.9,-0.552,11
30.9,30.9,-0.552,11
30.9,30.9,-0.552,11
30.9,30.9,-0.552,11
30.9,30.9,-0.552,11
30.9,30.9,-0.552,11
30.9,30.9,-0.552,11
30.940000000000005,31.034999999999997,-0.552,9
30.940000000000005,30.9,-1.104,11
30.940000000000005,30.9,-0.552,11
30.939999999999998,30.9,-0.552,11
30.939999999999998,30.9,-0.552,11
30.9,30.9,-0.552,11
30.9,30.9,-0.552,11
30.9,30.9,-0.552,11
30.9,30.9,-0.552,11
30.9,30.9,-0.552,11
30.9,30.9,-0.552,11
30.9,30.9,-0.552,11
30.9,30.9,-0.552,11
30.9,30.9,-0.552,11
30.9,30.9,-0.552,11
30.9,30.9,-0.552,11
30.9,30.9,-0.552,11
30.9,30.9,-0.552,11
30.9,30.9,-0.552,11
30.9,30.9,-0.552,11
30.9,30.9,-0.552,11
30.9,30.9,-0.552,11
30.9,30.9,-0.552,11
30.9,30.9,-0.552,11
30.9,30.9,-0.552,11
30.9,30.9,-0.552,11
30.9,30.9,-0.552,11
30.9,30.9,-0.552,11
30.9,30.9,-0.552,11
30.9,30.9,-0.552,11
30.9,30.9,-0.552,11
30.9,30.9,-0.552,11
30.9,30.9,-0.552,11
30.9,30.9,-0.552,11
30.9,30.9,-0.552,11
30.9,30.9,-0.552,11
30.9,30.9,-0.552,11
30.9,30.9,-0.552,11
30.9,30.9,-0.552,11
30.9,30.9,-0.552,11
30.9,30.9,-0.552,11
30.9,30.9,-0.552,11
30.9,30.9,-0.552,11
30.9,30.9,-0.552,11
30.9,30.9,-0.552,11
30.9,30.9,-0.552,11
30.9,30.9,-0.552,11
30.9,30.9,-0.552,11
30.9,30.9,-0.552,11
30.9,30.9,-0.552,11
30.9,30.9,-0.552,11
30.9,30.9,-0.552,11
30.9,30.9,-0.552,11
31.1,31.575000000000006,0.552,1
31.1,30.9,-1.6560000000000001,11
31.1,30.9,-0.552,11
31.1,30.9,-0.552,11
31.1,30.9,-0.552,11
30.9,30.9,-0.552,11
30.9,30.9,-0.552,11
30.9,30.9,-0.552,11
30.860000000000003,30.765000000000015,-1.104,13
30.860000000000003,30.9,-0.552,11
30.860000000000003,30.9,-0.552,11
30.859999999999996,30.9,-0.552,11
30.859999999999996,30.9,-0.552,11
30.9,30.9,-0.552,11
30.9,30.9,-0.552,11
30.9,30.9,-0.552,11
30.9,30.9,-0.552,11
30.9,30.9,-0.552,11
30.9,30.9,-0.552,11
30.9,30.9,-0.552,11
30.9,30.9,-0.552,11
30.9,30.9,-0.552,11
30.9,30.9,-0.552,11
30.9,30.9,-0.552,11
30.9,30.9,-0.552,11
30.9,30.9,-0.552,11
30.9,30.9,-0.552,11
30.9,30.9,-0.552,11
30.9,30.9,-0.552,11
30.9,30.9,-0.552,11
30.9,30.9,-0.552,11
30.9,30.9,-0.552,11
30.9,30.9,-0.552,11
30.9,30.9,-0.552,11
30.9,30.9,-0.552,11
30.9,30.9,-0.552,11
30.9,30.9,-0.552,11
30.9,30.9,-0.552,11
30.9,30.9,-0.552,11
30.9,30.9,-0.552,11
30.9,30.9,-0.552,11
30.9,30.9,-0.552,11
30.9,30.9,-0.552,11
30.9,30.9,-0.552,11
30.9,30.9,-0.552,11
30.9,30.9,-0.552,11
30.9,30.9,-0.552,11
30.9,30.9,-0.552,11
30.9,30.9,-0.552,11
30.9,30.9,-0.552,11
30.9,30.9,-0.552,11
30.9,30.9,-0.552,11
30.9,30.9,-0.552,11
30.9,30.9,-0.552,11
30.9,30.9,-0.552,11
30.9,30.9,-0.552,11
30.9,30.9,-0.552,11
30.9,30.9,-0.552,11
30.9,30.9,-0.552,11
30.9,30.9,-0.552,11
30.9,30.9,-0.552,11
30.9,30.9,-0.552,11
30.9,30.9,-0.552,11
30.9,30.9,-0.552,11
30.9,30.9,-0.552,11
30.9,30.9,-0.552,11
30.9,30.9,-0.552,11
30.9,30.9,-0.552,11
30.9,30.9,-0.552,11
30.9,30.9,-0.552,11
30.9,30.9,-0.552,11
30.9,30.9,-0.552,11
30.9,30.9,-0.552,11
30.9,30.9,-0.552,11
30.9,30.9,-0.552,11
30.9,30.9,-0.552,11
30.919999999999998,30.967499999999994,-0.552,10
30.919999999999998,30.9,-0.552,11
30.919999999999998,30.9,-0.552,11
30.919999999999998,30.9,-0.552,11
30.919999999999998,30.9,-0.552,11
30.9,30.9,-0.552,11
30.9,30.9,-0.552,11
30.9,30.9,-0.552,11
30.9,30.9,-0.552,11
30.9,30.9,-0.552,11
30.9,30.9,-0.552,11
30.9,30.9,-0.552,11
30.9,30.9,-0.552,11
30.9,30.9,-0.552,11
30.9,30.9,-0.552,11
30.9,30.9,-0.552,11
30.9,30.9,-0.552,11
30.82,30.629999999999995,-1.104,15
30.82,30.9,-0.552,11
30.82,30.9,-0.552,11
30.82,30.9,-0.552,11
30.82,30.9,-0.552,11
30.9,30.9,-0.552,11
30.9,30.9,-0.552,11
30.9,30.9,-0.552,11
30.9,30.9,-0.552,11
30.9,30.9,-0.552,11
30.9,30.9,-0.552,11
30.9,30.9,-0.552,11
30.9,30.9,-0.552,11
30.9,30.9,-0.552,11
30.9,30.9,-0.552,11
30.9,30.9,-0.552,11
30.9,30.9,-0.552,11
30.9,30.9,-0.552,11
30.9,30.9,-0.552,11
30.9,30.9,-0.552,11
30.9,30.9,-0.552,11
30.9,30.9,-0.552,11
30.9,30.9,-0.552,11
30.9,30.9,-0.552,11
30.9,30.9,-0.552,11
30.9,30.9,-0.552,11
30.9,30.9,-0.552,11
30.9,30.9,-0.552,11
30.9,30.9,-0.552,11
30.9,30.9,-0.552,11
30.9,30.9,-0.552,11
30.9,30.9,-0.552,11
30.919999999999998,30.967499999999994,-0.552,10
30.919999999999998,30.9,-0.552,11
30.919999999999998,30.9,-0.552,11
30.919999999999998,30.9,-0.552,11
30.919999999999998,30.9,-0.552,11
30.9,30.9,-0.552,11
30.9,30.9,-0.552,11
30.9,30.9,-0.552,11
30.9,30.9,-0.552,11
30.9,30.9,-0.552,11
30.9,30.9,-0.552,11
30.9,30.9,-0.552,11
30.9,30.9,-0.552,11
30.9,30.9,-0.552,11
30.860000000000003,30.765000000000015,-1.104,13
30.860000000000003,30.9,-0.552,11
30.860000000000003,30.9,-0.552,11
30.859999999999996,30.9,-0.552,11
30.859999999999996,30.9,-0.552,11
30.9,30.9,-0.552,11
30.9,30.9,-0.552,11
30.9,30.9,-0.552,11
30.9,30.9,-0.552,11
30.9,30.9,-0.552,11
30.9,30.9,-0.552,11
30.880000000000003,30.832499999999982,-0.552,12
30.880000000000003,30.9,-0.552,11
30.880000000000003,30.9,-0.552,11
30.879999999999995,30.9,-0.552,11
30.880000000000003,30.9,-0.552,11
30.9,30.9,-0.552,11
30.9,30.9,-0.552,11
30.9,30.9,-0.552,11
30.9,30.9,-0.552,11
30.9,30.9,-0.552,11
30.9,30.9,-0.552,11
30.9,30.9,-0.552,11
30.9,30.9,-0.552,11
30.9,30.9,-0.552,11
30.9,30.9,-0.552,11
30.9,30.9,-0.552,11
30.9,30.9,-0.552,11
30.9,30.9,-0.552,11
30.9,30.9,-0.552,11
30.9,30.9,-0.552,11
30.9,30.9,-0.552,11
30.9,30.9,-0.552,11
30.9,30.9,-0.552,11
30.9,30.9,-0.552,11
30.9,30.9,-0.552,11
30.9,30.9,-0.552,11
30.9,30.9,-0.552,11
30.9,30.9,-0.552,11
30.9,30.9,-0.552,11
30.9,30.9,-0.552,11
30.9,30.9,-0.552,11
30.9,30.9,-0.552,11
30.9,30.9,-0.552,11
30.9,30.9,-0.552,11
30.9,30.9,-0.552,11
30.9,30.9,-0.552,11
30.9,30.9,-0.552,11
30.9,30.9,-0.552,11
30.9,30.9,-0.552,11
30.9,30.9,-0.552,11
30.9,30.9,-0.552,11
30.9,30.9,-0.552,11
30.9,30.9,-0.552,11
30.9,30.9,-0.552,11
30.98,31.16999999999998,0.0,7
30.98,30.9,-1.104,11
30.98,30.9,-0.552,11
30.979999999999997,30.9,-0.552,11
30.98,30.9,-0.552,11
31.02,31.305,0.0,5
31.02,30.9,-1.104,11
31.02,30.9,-0.552,11
31.02,30.9,-0.552,11
31.02,30.9,-0.552,11
30.9,30.9,-0.552,11
30.9,30.9,-0.552,11
30.9,30.9,-0.552,11
30.9,30.9,-0.552,11
30.9,30.9,-0.552,11
30.9,30.9,-0.552,11
30.9,30.9,-0.552,11
30.9,30.9,-0.552,11
30.9,30.9,-0.552,11
30.9,30.9,-0.552,11
30.9,30.9,-0.552,11
30.9,30.9,-0.552,11
30.9,30.9,-0.552,11
30.9,30.9,-0.552,11
30.9,30.9,-0.552,11
30.9,30.9,-0.552,11
30.9,30.9,-0.552,11
30.9,30.9,-0.552,11
30.9,30.9,-0.552,11
30.9,30.9,-0.552,11
30.9,30.9,-0.552,11
30.9,30.9,-0.552,11
30.9,30.9,-0.552,11
30.9,30.9,-0.552,11
30.9,30.9,-0.552,11
30.9,30.9,-0.552,11
30.9,30.9,-0.552,11
30.9,30.9,-0.552,11
30.9,30.9,-0.552,11
30.9,30.9,-0.552,11
30.9,30.9,-0.552,11
30.9,30.9,-0.552,11
30.9,30.9,-0.552,11
30.9,30.9,-0.552,11
30.9,30.9,-0.552,11
30.9,30.9,-0.552,11
30.9,30.9,-0.552,11
30.9,30.9,-0.552,11
30.9,30.9,-0.552,11
30.9,30.9,-0.552,11
30.9,30.9,-0.552,11
30.9,30.9,-0.552,11
30.9,30.9,-0.552,11
30.9,30.9,-0.552,11
30.9,30.9,-0.552,11
30.9,30.9,-0.552,11
30.9,30.9,-0.552,11
30.9,30.9,-0.552,11
30.9,30.9,-0.552,11
30.9,30.9,-0.552,11
30.9,30.9,-0.552,11
30.9,30.9,-0.552,11
30.9,30.9,-0.552,11
30.9,30.9,-0.552,11
30.9,30.9,-0.552,11
30.9,30.9,-0.552,11
30.9,30.9,-0.552,11
30.9,30.9,-0.552,11
30.9,30.9,-0.552,11
30.9,30.9,-0.552,11
30.860000000000003,30.765000000000015,-1.104,13
30.860000000000003,30.9,-0.552,11
30.860000000000003,30.9,-0.552,11
30.859999999999996,30.9,-0.552,11
30.859999999999996,30.9,-0.552,11
30.9,30.9,-0.552,11
30.9,30.9,-0.552,11
30.9,30.9,-0.552,11
31.0,31.237500000000004,0.0,6
31.0,30.9,-1.104,11
31.0,30.9,-0.552,11
31.0,30.9,-0.552,11
31.0,30.9,-0.552,11
30.9,30.9,-0.552,11
30.9,30.9,-0.552,11
30.9,30.9,-0.552,11
30.9,30.9,-0.552,11
30.9,30.9,-0.552,11
30.9,30.9,-0.552,11
30.9,30.9,-0.552,11
30.9,30.9,-0.552,11
30.9,30.9,-0.552,11
30.9,30.9,-0.552,11
30.9,30.9,-0.552,11
30.9,30.9,-0.552,11
30.9,30.9,-0.552,11
30.9,30.9,-0.552,11
30.9,30.9,-0.552,11
30.9,30.9,-0.552,11
30.9,30.9,-0.552,11
30.9,30.9,-0.552,11
30.9,30.9,-0.552,11
30.9,30.9,-0.552,11
30.9,30.9,-0.552,11
30.9,30.9,-0.552,11
30.9,30.9,-0.552,11
30.9,30.9,-0.552,11
30.9,30.9,-0.552,11
30.9,30.9,-0.552,11
30.9,30.9,-0.552,11
30.840000000000003,30.697499999999998,-1.104,14
30.840000000000003,30.9,-0.552,11
30.840000000000003,30.9,-0.552,11
30.839999999999996,30.9,-0.552,11
30.839999999999996,30.9,-0.552,11
30.9,30.9,-0.552,11
30.9,30.9,-0.552,11
30.9,30.9,-0.552,11
30.9,30.9,-0.552,11
30.9,30.9,-0.552,11
30.9,30.9,-0.552,11
30.9,30.9,-0.552,11
30.9,30.9,-0.552,11
30.9,30.9,-0.552,11
30.9,30.9,-0.552,11
30.9,30.9,-0.552,11
30.9,30.9,-0.552,11
30.9,30.9,-0.552,11
30.9,30.9,-0.552,11
30.9,30.9,-0.552,11
30.9,30.9,-0.552,11
30.9,30.9,-0.552,11
30.9,30.9,-0.552,11
30.9,30.9,-0.552,11
30.9,30.9,-0.552,11
30.9,30.9,-0.552,11
30.9,30.9,-0.552,11
30.9,30.9,-0.552,11
30.9,30.9,-0.552,11
30.9,30.9,-0.552,11
30.9,30.9,-0.552,11
30.9,30.9,-0.552,11
30.740000000000002,30.359999999999996,-2.208,19
30.740000000000002,30.9,0.0,11
30.740000000000002,30.9,-0.552,11
30.74,30.9,-0.552,11
30.74,30.9,-0.552,11
30.9,30.9,-0.552,11
30.9,30.9,-0.552,11
30.8,30.5625,-1.6560000000000001,16
30.8,30.9,-0.552,11
30.8,30.9,-0.552,11
30.8,30.9,-0.552,11
30.8,30.9,-0.552,11
30.9,30.9,-0.552,11
30.9,30.9,-0.552,11
30.9,30.9,-0.552,11
30.9,30.9,-0.552,11
30.9,30.9,-0.552,11
30.9,30.9,-0.552,11
30.9,30.9,-0.552,11
30.9,30.9,-0.552,11
30.9,30.9,-0.552,11
30.9,30.9,-0.552,11
30.9,30.9,-0.552,11
30.9,30.9,-0.552,11
30.9,30.9,-0.552,11
30.9,30.9,-0.552,11
30.9,30.9,-0.552,11
30.9,30.9,-0.552,11
30.9,30.9,-0.552,11
30.9,30.9,-0.552,11
30.9,30.9,-0.552,11
30.9,30.9,-0.552,11
30.9,30.9,-0.552,11
30.9,30.9,-0.552,11
30.9,30.9,-0.552,11
30.9,30.9,-0.552,11
30.9,30.9,-0.552,11
30.9,30.9,-0.552,11
30.9,30.9,-0.552,11
30.9,30.9,-0.552,11
30.9,30.9,-0.552,11
30.9,30.9,-0.552,11
30.9,30.9,-0.552,11
30.9,30.9,-0.552,11
30.9,30.9,-0.552,11
30.9,30.9,-0.552,11
30.9,30.9,-0.552,11
30.9,30.9,-0.552,11
30.9,30.9,-0.552,11
30.9,30.9,-0.552,11
30.9,30.9,-0.552,11
30.9,30.9,-0.552,11
30.9,30.9,-0.552,11
30.9,30.9,-0.552,11
30.9,30.9,-0.552,11
30.9,30.9,-0.552,11
30.9,30.9,-0.552,11
30.9,30.9,-0.552,11
30.9,30.9,-0.552,11
30.9,30.9,-0.552,11
30.9,30.9,-0.552,11
30.9,30.9,-0.552,11
30.9,30.9,-0.552,11
30.9,30.9,-0.552,11
30.9,30.9,-0.552,11
30.9,30.9,-0.552,11
30.9,30.9,-0.552,11
30.9,30.9,-0.552,11
30.9,30.9,-0.552,11
30.9,30.9,-0.552,11
30.9,30.9,-0.552,11
30.9,30.9,-0.552,11
30.9,30.9,-0.552,11
30.9,30.9,-0.552,11
30.9,30.9,-0.552,11
30.9,30.9,-0.552,11
30.9,30.9,-0.552,11
30.9,30.9,-0.552,11
30.9,30.9,-0.552,11
30.9,30.9,-0.552,11
30.9,30.9,-0.552,11
30.9,30.9,-0.552,11
30.9,30.9,-0.552,11
30.9,30.9,-0.552,11
30.9,30.9,-0.552,11
30.9,30.9,-0.552,11
30.9,30.9,-0.552,11
30.9,30.9,-0.552,11
30.9,30.9,-0.552,11
30.9,30.9,-0.552,11
30.9,30.9,-0.552,11
30.9,30.9,-0.552,11
30.9,30.9,-0.552,11
30.9,30.9,-0.552,11
30.9,30.9,-0.552,11
30.9,30.9,-0.552,11
30.9,30.9,-0.552,11
30.9,30.9,-0.552,11
30.9,30.9,-0.552,11
30.9,30.9,-0.552,11
30.9,30.9,-0.552,11
30.9,30.9,-0.552,11
30.9,30.9,-0.552,11
30.9,30.9,-0.552,11
30.9,30.9,-0.552,11
30.9,30.9,-0.552,11
30.9,30.9,-0.552,11
30.9,30.9,-0.552,11
30.98,31.16999999999998,0.0,7
30.98,30.9,-1.104,11
30.98,30.9,-0.552,11
30.979999999999997,30.9,-0.552,11
30.98,30.9,-0.552,11
30.9,30.9,-0.552,11
30.9,30.9,-0.552,11
30.9,30.9,-0.552,11
30.9,30.9,-0.552,11
30.9,30.9,-0.552,11
30.9,30.9,-0.552,11
30.9,30.9,-0.552,11
30.880000000000003,30.832499999999982,-1.104,12
30.880000000000003,30.9,-0.552,11
30.880000000000003,30.9,-0.552,11
30.879999999999995,30.9,-0.552,11
30.880000000000003,30.9,-0.552,11
30.9,30.9,-0.552,11
30.9,30.9,-0.552,11
30.9,30.9,-0.552,11
30.9,30.9,-0.552,11
30.9,30.9,-0.552,11
30.9,30.9,-0.552,11
30.9,30.9,-0.552,11
30.9,30.9,-0.552,11
30.9,30.9,-0.552,11
30.9,30.9,-0.552,11
30.9,30.9,-0.552,11
30.9,30.9,-0.552,11
30.9,30.9,-0.552,11
30.9,30.9,-0.552,11
30.9,30.9,-0.552,11
30.9,30.9,-0.552,11
30.9,30.9,-0.552,11
30.9,30.9,-0.552,11
30.9,30.9,-0.552,11
30.9,30.9,-0.552,11
30.9,30.9,-0.552,11
30.9,30.9,-0.552,11
30.9,30.9,-0.552,11
30.9,30.9,-0.552,11
30.9,30.9,-0.552,11
30.9,30.9,-0.552,11
30.9,30.9,-0.552,11
30.9,30.9,-0.552,11
30.9,30.9,-0.552,11
30.9,30.9,-0.552,11
30.9,30.9,-0.552,11
30.919999999999998,30.967499999999994,-0.552,10
30.940000000000005,30.994999999999997,-0.552,10
30.96,31.0,-0.552,10
30.98,31.0,-0.552,10
31.0,31.0,-0.552,10
31.0,31.0,-0.552,10
31.02,31.067499999999995,-0.552,9
31.04,31.09499999999999,-0.552,9
31.080000000000002,31.167500000000018,-0.552,8
31.139999999999997,31.26249999999998,0.0,7
31.22,31.3625,0.0,6
31.3,31.4625,0.0,5
31.4,31.562499999999993,0.0,4
31.46,31.5125,0.0,5
31.540000000000003,31.65500000000002,0.0,3
31.619999999999997,31.759999999999984,0.0,2
31.7,31.8625,0.0,1
31.76,31.895000000000003,0.0,-1
31.839999999999996,31.900000000000006,0.0,-1
31.8,31.609999999999996,0.552,-5
31.7,31.38499999999998,0.552,-7
31.540000000000003,31.174999999999994,0.552,-9
31.4,31.207500000000017,0.552,-8
31.279999999999994,31.30499999999998,0.0,-7
31.080000000000002,30.6975,1.104,-15
30.82,30.192500000000003,1.6560000000000001,-20
30.619999999999997,30.0925,1.104,-19
30.240000000000002,29.53999999999998,22.08,-27
29.72,28.93250000000001,22.08,-33
29.24,28.325000000000006,22.08,-39
28.98,28.775000000000013,2.208,-33
28.46,27.770000000000003,22.08,-45
28.119999999999997,27.612500000000004,22.08,-44
27.860000000000003,27.445,22.08,-46
27.639999999999997,27.1375,22.08,-50
27.28,26.952499999999997,22.08,-51
27.339999999999996,27.709999999999987,22.08,-42
27.360000000000003,27.712500000000013,22.08,-43
27.419999999999998,27.70500000000002,22.08,-43
27.5,27.497500000000002,22.08,-46
27.640000000000004,27.63250000000001,22.08,-44
27.619999999999997,27.700000000000017,22.08,-43
27.68,27.902500000000003,22.08,-40
27.8,28.187499999999982,22.08,-37
28.040000000000003,28.487499999999994,22.08,-34
28.339999999999996,28.922500000000003,2.208,-29
28.660000000000004,29.209999999999987,2.208,-27
29.080000000000002,29.829999999999995,0.552,-19
29.5,30.262500000000006,1.104,-16
29.860000000000003,30.385,1.104,-16
30.1,30.332499999999982,1.104,-17
30.360000000000003,30.534999999999997,0.552,-14
30.380000000000003,30.245000000000015,1.6560000000000001,-18
30.32,30.140000000000004,1.6560000000000001,-19
30.26,30.105,1.6560000000000001,-19
30.18,29.965000000000003,1.6560000000000001,-21
30.04,29.909999999999997,1.6560000000000001,-21
29.959999999999997,29.832499999999982,1.6560000000000001,-22
29.860000000000003,29.669999999999995,2.208,-24
29.76,29.610000000000003,1.6560000000000001,-24
29.68,29.532500000000006,2.208,-25
29.560000000000002,29.369999999999983,2.208,-27
29.5,29.5125,1.6560000000000001,-25
29.419999999999998,29.257500000000014,2.208,-28
29.379999999999995,29.4275,1.6560000000000001,-26
29.32,29.215000000000014,2.208,-28
29.26,29.070000000000004,22.08,-30
29.139999999999997,28.942499999999995,22.08,-31
29.1,28.9875,2.208,-30
29.04,29.107500000000005,2.208,-29
29.1,29.365000000000002,1.6560000000000001,-25
29.240000000000002,29.615000000000016,1.6560000000000001,-23
29.46,29.892500000000005,1.104,-20
29.7,30.120000000000015,1.104,-18
29.939999999999998,30.257499999999986,1.104,-17
30.160000000000004,30.49749999999999,0.552,-14
30.360000000000003,30.65250000000002,0.552,-13
30.54,30.830000000000005,0.552,-11
30.640000000000004,30.687500000000018,1.104,-13
30.740000000000002,30.807499999999987,0.552,-12
30.779999999999994,30.799999999999976,0.552,-12
30.880000000000003,31.09000000000002,0.0,-8
30.919999999999998,31.1125,0.552,-9
31.02,31.187500000000018,0.552,-8
31.1,31.197500000000026,0.552,-8
31.24,31.402500000000003,0.0,-5
31.3,31.485000000000003,0.0,-5
31.48,31.8375,0.0,0
31.54,31.5,0.552,-5
31.639999999999997,31.63500000000002,0.0,-3
31.74,31.9875,0.0,0
31.839999999999996,32.0,0.0,0
31.820000000000004,31.932500000000005,0.0,1
31.759999999999998,31.387500000000017,-1.104,8
31.660000000000004,31.235000000000024,-0.552,8
31.52,31.267499999999984,-0.552,7
31.32,31.065000000000005,-0.552,10
31.160000000000004,31.1325,-0.552,9
31.080000000000002,30.87749999999998,-1.104,12
30.9,30.474999999999977,-1.6560000000000001,17
30.72,30.392499999999995,-1.104,16
30.48,29.974999999999984,-2.208,22
30.28,30.16749999999999,-1.104,19
30.080000000000002,29.837499999999984,-1.6560000000000001,22
29.839999999999996,29.334999999999997,-22.08,29
29.520000000000003,28.932499999999987,-22.08,32
29.4,29.130000000000013,-1.6560000000000001,28
29.1,28.702500000000004,-22.08,34
28.860000000000003,28.617500000000007,-22.08,34
28.840000000000003,29.055000000000007,-2.208,30
28.779999999999994,28.532500000000006,-22.08,35
28.72,28.8825,-2.208,31
28.82,29.057500000000005,-2.208,29
28.880000000000003,28.915,-22.08,31
28.880000000000003,29.007500000000004,-2.208,30
29.060000000000002,29.297500000000003,-1.6560000000000001,26
29.0,28.7,-22.08,34
28.840000000000003,28.412499999999984,-22.08,37
28.7,28.247500000000013,-22.08,38
28.360000000000003,27.59749999999999,-22.08,47
28.0,27.547499999999996,-22.08,44
27.9,28.13500000000001,-22.08,39
27.82,27.97,-22.08,41
27.8,28.075000000000006,-22.08,39
28.0,28.22999999999999,-22.08,37
28.1,28.105000000000008,-22.08,39
28.22,28.545000000000016,-2.208,33
28.26,28.105000000000008,-22.08,39
28.320000000000004,28.402499999999993,-22.08,36
28.420000000000005,28.752499999999987,-2.208,32
28.659999999999997,29.132499999999975,-1.6560000000000001,27
28.8,29.342499999999994,-2.208,26
29.04,29.312499999999982,-2.208,27
29.3,29.59000000000001,-1.6560000000000001,23
29.440000000000005,29.464999999999996,-2.208,25
29.439999999999998,29.30249999999998,-2.208,27
29.380000000000003,29.165,-2.208,29
29.3,28.975,-22.08,31
29.2,29.22750000000001,-2.208,28
29.119999999999997,29.105,-2.208,29
29.119999999999997,29.254999999999985,-2.208,27
28.8,27.982499999999998,-29.6,45
28.579999999999995,27.784999999999986,-29.6,42
28.24,27.537499999999994,-29.6,45
28.419999999999998,29.577499999999997,-0.74,20
28.8,30.692500000000017,1.48,-8
29.18,29.404999999999994,2.96,-26
29.3,28.34499999999999,29.6,-36
29.979999999999997,30.96750000000001,0.0,-11
30.079999999999995,30.645,-2.96,15
29.48,28.290000000000013,-29.6,38
28.76,26.589999999999993,-29.6,62
27.8,24.435000000000006,-29.6,84
26.220000000000006,23.305000000000003,-29.6,90
24.82,23.457500000000003,-29.6,85
24.32,25.45750000000001,-29.6,63
24.72,27.01249999999999,-29.6,42
26.060000000000002,29.382499999999975,-0.74,17
27.820000000000004,31.18749999999998,0.74,-2
29.18,30.487499999999976,2.96,-17
30.04,30.134999999999998,2.22,-20
30.4,29.744999999999997,2.96,-24
30.24,29.552500000000002,2.96,-25
29.8,29.5875,2.22,-24
29.619999999999997,29.445,2.96,-26
29.5,29.4075,2.96,-26
29.459999999999997,29.4,2.96,-26
29.439999999999998,29.4,2.96,-26
29.440000000000005,29.534999999999997,2.22,-24
29.48,29.590000000000003,2.22,-24
29.4,29.129999999999995,22.08,-30
29.380000000000003,29.357499999999987,1.6560000000000001,-27
29.439999999999998,29.667500000000018,1.6560000000000001,-23
29.48,29.76249999999999,1.6560000000000001,-22
29.639999999999997,30.2,0.552,-16
29.96,30.504999999999995,1.104,-14
30.28,30.7925,0.552,-11
30.560000000000002,31.02,0.552,-9
30.9,31.360000000000003,0.0,-5
31.18,31.682499999999983,0.0,-2
31.380000000000003,31.60499999999999,-0.552,4
31.52,31.6025,0.0,4
31.439999999999998,30.972500000000018,-1.6560000000000001,13
31.32,30.880000000000006,-0.552,11
31.1,30.725000000000016,-1.104,13
30.880000000000003,30.570000000000004,-1.104,15
30.639999999999997,30.442500000000003,-1.104,16
30.6,30.4875,-1.104,15
30.479999999999997,30.34499999999998,-1.104,17
30.32,30.037499999999994,-1.6560000000000001,21
30.18,29.85249999999998,-1.6560000000000001,22
30.120000000000005,30.15499999999999,-1.104,19
29.96,29.745000000000015,-2.208,23
29.82,29.640000000000004,-1.6560000000000001,24
29.78,29.707500000000017,-1.6560000000000001,23
29.720000000000006,29.54500000000001,-2.208,25
29.579999999999995,29.439999999999998,-2.208,26
29.580000000000002,29.69750000000002,-1.6560000000000001,23
29.54,29.4125,-2.208,26
29.5,29.4875,-1.6560000000000001,25
29.5,29.494999999999997,-2.208,25
29.54,29.607500000000005,-1.6560000000000001,24
29.580000000000002,29.797500000000003,-1.104,21
29.78,30.222500000000004,-0.552,16
30.1,30.847499999999997,0.0,9
30.380000000000003,30.93,-1.104,11
30.740000000000002,31.27750000000001,0.0,6
31.160000000000004,31.784999999999997,0.0,0
31.459999999999997,31.902500000000003,0.0,-1
31.52,31.387500000000006,0.552,-6
31.5,30.994999999999983,1.104,-12
31.340000000000003,30.694999999999993,1.104,-14
30.919999999999998,30.137500000000006,2.208,-21
30.479999999999997,29.80000000000002,1.6560000000000001,-23
30.0,29.237500000000004,22.08,-30
29.6,28.899999999999984,22.08,-32
29.3,29.042499999999997,2.208,-29
28.9,28.217499999999994,22.08,-41
28.479999999999997,27.747500000000002,22.08,-44
28.140000000000004,27.412499999999987,22.08,-47
27.919999999999998,27.70500000000002,22.08,-43
27.68,27.874999999999993,22.08,-41
27.52,27.172500000000003,22.08,-49
27.4,27.042500000000008,22.08,-50
27.359999999999996,27.087500000000006,22.08,-49
27.18,26.877499999999987,22.08,-52
27.04,27.16500000000002,22.08,-48
27.0,26.914999999999992,22.08,-51
27.1,27.385,22.08,-45
27.22,27.61250000000002,22.08,-43
27.4,27.69000000000002,22.08,-43
27.52,27.767499999999984,22.08,-42
27.660000000000004,27.63250000000001,22.08,-44
27.919999999999998,28.462499999999988,1.6560000000000001,-32
28.139999999999997,28.74749999999998,22.08,-32
28.420000000000005,29.002499999999998,2.208,-29
28.7,29.15250000000002,2.208,-28
29.119999999999997,29.53250000000002,1.6560000000000001,-23
29.380000000000003,29.945000000000004,1.104,-19
29.660000000000004,30.14750000000002,1.104,-18
29.919999999999998,30.330000000000005,1.104,-16
30.22,30.59250000000002,0.552,-13
30.360000000000003,30.375000000000007,1.104,-16
30.419999999999998,30.395,1.104,-16
30.48,30.467499999999994,1.104,-15
30.5,30.494999999999997,1.104,-15
30.46,30.5,1.104,-15
30.5,30.567499999999995,1.104,-14
30.52,30.5,1.104,-15
30.54,30.5875,1.104,-14
30.580000000000002,30.66500000000002,0.552,-13
30.639999999999997,30.76249999999999,0.552,-12
30.860000000000003,31.402500000000014,0.0,-3
30.9,30.702500000000022,1.6560000000000001,-13
30.880000000000003,30.565000000000005,1.104,-15
30.860000000000003,30.607499999999998,1.104,-14
30.860000000000003,30.76249999999999,0.552,-12
30.659999999999997,30.712500000000023,1.104,-13
30.639999999999997,30.597499999999997,1.104,-14
30.7,30.797499999999978,0.552,-12
30.740000000000002,30.799999999999976,0.552,-12
30.759999999999998,30.867499999999996,0.552,-11
30.68,30.422499999999978,1.6560000000000001,-17
30.74,30.887499999999996,0.552,-11
30.78,30.964999999999996,0.552,-10
30.82,30.994999999999997,0.552,-10
30.820000000000004,30.902500000000003,0.552,-11
31.04,31.270000000000003,0.0,-6
31.080000000000002,31.067499999999995,0.552,-9
31.119999999999997,31.182500000000015,0.552,-8
31.160000000000004,31.19500000000002,0.552,-8
31.28,31.442500000000003,0.0,-5
31.32,31.5525,0.0,-4
31.360000000000003,31.267499999999984,0.552,-7
31.419999999999998,31.502499999999998,0.0,-5
31.52,31.66500000000002,0.0,-3
31.54,31.612499999999994,0.0,-4
31.619999999999997,31.889999999999997,0.0,0
31.7,31.697500000000026,0.0,-3
31.759999999999998,31.767499999999984,0.0,-2
31.76,31.712500000000016,0.0,-3
31.78,31.702500000000022,0.0,-3
31.72,31.700000000000024,0.0,-3
31.660000000000004,31.49750000000001,-1.104,6
31.6,31.482499999999998,0.0,5
31.54,31.4125,-0.552,6
31.459999999999997,31.33499999999998,-0.552,7
31.360000000000003,31.23750000000002,-0.552,8
31.259999999999998,31.00250000000001,-1.104,11
31.18,31.144999999999992,-0.552,9
31.1,31.0225,-0.552,10
31.1,31.252499999999987,0.0,7
31.02,30.847499999999986,-1.104,12
31.0,30.81249999999998,-0.552,12
30.979999999999997,30.975,-0.552,10
30.919999999999998,30.73250000000001,-1.104,13
30.839999999999996,30.9075,-0.552,11
30.840000000000003,30.81249999999998,-1.104,12
30.779999999999994,30.570000000000004,-1.104,15
30.759999999999998,30.8975,-0.552,11
30.82,30.967499999999994,-0.552,10
30.8,30.814999999999976,-1.104,12
30.839999999999996,30.9875,-0.552,10
30.96,31.064999999999998,-0.552,9
30.979999999999997,31.002499999999998,-0.552,10
31.0,31.0875,-0.552,9
31.1,31.23249999999998,0.0,7
31.160000000000004,31.289999999999974,-0.552,7
31.22,31.3675,0.0,6
31.32,31.4625,0.0,5
31.4,31.494999999999997,0.0,5
31.5,31.70249999999998,0.0,2
31.6,31.78499999999998,0.0,2
31.7,31.8675,0.0,1
31.76,31.799999999999976,0.0,-2
31.839999999999996,31.8875,0.0,-1
31.880000000000003,31.964999999999996,0.0,0
31.839999999999996,31.66749999999999,0.552,-4
31.860000000000003,31.9875,0.0,0
31.880000000000003,31.912500000000005,0.0,-1
31.860000000000003,31.837499999999984,0.0,2
31.8,31.722500000000014,0.552,-3
31.839999999999996,31.812499999999982,0.0,-2
31.68,31.375000000000018,0.552,-8
31.52,31.160000000000004,0.552,-9
31.459999999999997,31.577500000000004,0.0,-5
31.52,31.897499999999997,0.0,0
31.52,31.839999999999982,0.0,2
31.68,31.974999999999994,0.0,0
31.860000000000003,31.994999999999997,0.0,0
31.96,32.0,0.0,0
31.96,32.0,0.0,0
32.0,32.0,0.0,0
31.96,31.86499999999998,0.0,-2
31.96,32.0,0.0,0
31.96,32.0,0.0,0
31.96,32.0,0.0,0
31.96,32.0,0.0,0
31.76,31.18999999999998,1.6560000000000001,-12
31.560000000000002,30.994999999999994,0.552,-10
31.419999999999998,31.192499999999985,0.0,-7
31.24,31.10499999999999,0.552,-9
31.080000000000002,31.207500000000017,0.552,-8
31.160000000000004,31.200000000000024,0.552,-8
31.18,31.1025,0.552,-9
31.160000000000004,31.200000000000024,0.552,-8
30.940000000000005,30.37000000000001,2.208,-20
30.979999999999997,31.332500000000003,0.0,-6
31.060000000000002,31.522499999999997,0.0,-4
31.139999999999997,31.5225,0.0,-5
31.3,31.857500000000005,0.0,0
31.48,31.077500000000008,-1.6560000000000001,11
31.26,30.527499999999982,-1.6560000000000001,17
30.839999999999996,29.79,-22.08,25
30.380000000000003,29.337500000000016,-2.208,28
29.74,28.944999999999986,-22.08,32
29.26,28.617499999999996,-22.08,35
28.939999999999998,28.695000000000014,-22.08,33
28.74,28.525000000000006,-22.08,35
28.72,28.984999999999996,-1.6560000000000001,29
28.880000000000003,29.4125,-1.6560000000000001,24
29.059999999999995,29.440000000000005,-2.208,26
29.28,29.709999999999987,-1.6560000000000001,22
29.54,29.78499999999998,-1.6560000000000001,22
29.759999999999998,30.07000000000001,-1.104,18
29.919999999999998,30.31500000000001,-1.104,16
30.18,30.59250000000002,-0.552,13
30.339999999999996,30.6175,-1.104,14
30.579999999999995,30.889999999999997,-0.552,10
30.74,30.982499999999998,-0.552,10
30.9,31.13500000000002,-0.552,8
31.080000000000002,31.46,0.0,4
31.339999999999996,31.782500000000006,0.0,1
31.5,31.817499999999985,0.0,-2
31.579999999999995,31.455000000000002,0.552,-6
31.639999999999997,31.5075,0.0,-5
31.579999999999995,31.34499999999998,0.552,-7
31.4,31.104999999999997,0.552,-10
31.18,30.812500000000018,1.104,-13
30.979999999999997,30.512500000000006,1.104,-16
30.740000000000002,30.34749999999998,1.104,-17
30.54,30.30499999999998,1.104,-17
30.419999999999998,30.3975,1.104,-16
30.259999999999998,30.029999999999994,2.208,-21
30.18,29.9875,1.6560000000000001,-20
30.040000000000003,29.709999999999997,2.208,-24
29.919999999999998,29.68500000000002,1.6560000000000001,-23
29.740000000000002,29.54500000000001,2.208,-25
29.6,29.305000000000017,2.208,-28
29.380000000000003,29.0125,22.08,-31
29.139999999999997,28.577499999999997,22.08,-36
28.879999999999995,28.424999999999994,22.08,-36
28.639999999999997,28.332499999999982,22.08,-37
28.46,28.30499999999998,22.08,-37
28.440000000000005,28.66999999999998,2.208,-32
28.659999999999997,29.252499999999998,1.6560000000000001,-25
28.78,29.0225,22.08,-30
28.98,29.302499999999988,1.6560000000000001,-27
29.140000000000004,29.104999999999997,2.208,-29
29.160000000000004,28.939999999999998,22.08,-31
29.020000000000003,28.837499999999984,22.08,-32
29.02,29.027499999999996,2.208,-30
29.119999999999997,29.559999999999985,1.104,-22
29.059999999999995,28.80249999999998,22.08,-32
29.060000000000002,28.9275,2.208,-31
29.079999999999995,28.904999999999994,2.208,-31
29.04,28.80249999999998,22.08,-32
28.820000000000004,28.73250000000001,22.08,-33
28.9,29.102500000000013,1.6560000000000001,-28
28.839999999999996,28.645,22.08,-34
28.76,28.540000000000003,22.08,-35
28.72,28.60750000000001,22.08,-34
28.72,28.66500000000002,22.08,-33
28.639999999999997,28.76249999999999,22.08,-32
28.72,28.929999999999996,2.208,-30
28.9,29.259999999999998,1.6560000000000001,-26
29.18,29.784999999999997,1.104,-20
29.48,30.105000000000018,1.104,-18
29.76,30.19000000000002,1.104,-18
29.96,30.005000000000003,1.6560000000000001,-20
30.120000000000005,30.200000000000024,1.104,-18
30.139999999999997,30.132500000000004,1.6560000000000001,-19
30.02,29.735000000000003,2.208,-24
29.920000000000005,29.687500000000018,1.6560000000000001,-23
29.82,29.54500000000001,2.208,-25
29.619999999999997,29.305000000000017,2.208,-28
29.46,29.282499999999988,2.208,-27
29.32,29.00999999999999,22.08,-31
29.2,29.13500000000001,2.208,-29
29.060000000000002,28.85749999999998,22.08,-32
29.080000000000002,29.269999999999982,1.6560000000000001,-27
29.1,29.3525,2.208,-26
29.24,29.529999999999994,1.6560000000000001,-24
29.4,29.7925,1.104,-21
29.68,30.087500000000016,1.104,-18
29.860000000000003,30.185000000000024,1.104,-18
30.02,30.200000000000024,1.104,-18
30.24,30.537500000000023,0.552,-13
30.4,30.675000000000022,1.104,-13
30.46,30.565000000000005,1.104,-15
30.54,30.632500000000004,1.104,-14
30.660000000000004,30.76749999999999,0.552,-12
30.639999999999997,30.607500000000005,1.104,-14
30.660000000000004,30.774999999999984,0.552,-12
30.640000000000004,30.470000000000006,2.22,-16
30.640000000000004,30.604999999999997,1.48,-14
30.640000000000004,30.794999999999977,0.74,-12
30.860000000000003,31.407500000000017,0.0,-3
31.080000000000002,31.79000000000001,0.0,-1
29.96,26.709999999999987,29.6,-72
28.46,23.952500000000008,29.6,-89
26.919999999999998,23.185000000000016,29.6,-89
25.2,23.100000000000016,29.6,-89
23.44,23.100000000000016,29.6,-89
23.48,24.382500000000004,29.6,-70
24.580000000000002,27.335,2.22,-34
25.9,29.162500000000016,1.48,-23
27.48,30.522500000000008,0.0,-10
29.18,31.339999999999996,0.0,-4
30.52,31.637500000000017,0.0,-3
31.159999999999997,31.76249999999998,0.0,-2
31.540000000000003,31.6025,-0.74,4
31.540000000000003,31.195,-1.48,10
31.360000000000003,30.827500000000015,-1.48,13
31.120000000000005,30.580000000000005,-1.48,15
30.839999999999996,30.442500000000003,-1.48,16
30.620000000000005,30.4875,-1.48,15
30.54,30.607500000000005,-1.48,14
30.52,30.595,-1.48,14
30.560000000000002,30.667500000000018,-0.74,13
30.72,31.03250000000002,0.0,8
30.839999999999996,31.107499999999998,-0.74,9
30.96,31.187500000000018,-0.74,8
31.040000000000003,31.045000000000005,-0.552,10
31.059999999999995,30.87249999999998,-1.104,12
31.0,30.9075,-0.552,11
31.02,31.175000000000022,0.0,8
30.979999999999997,30.994999999999997,-0.552,10
31.1,31.444999999999993,0.0,4
31.26,31.574999999999996,0.0,4
31.4,31.599999999999994,0.0,4
31.46,31.5325,0.0,5
31.580000000000002,31.599999999999994,0.0,4
31.639999999999997,31.802500000000002,0.0,1
31.659999999999997,31.67500000000002,0.0,3
31.72,31.875000000000007,0.0,-1
31.82,31.9625,0.0,0
31.859999999999996,31.827499999999986,0.0,2
31.859999999999996,31.902500000000003,0.0,-1
31.880000000000003,31.812499999999982,0.0,-2
31.820000000000004,31.66749999999999,0.0,-4
31.78,31.80249999999998,0.0,-2
31.759999999999998,31.727500000000013,0.0,-3
31.68,31.5375,0.552,-5
31.6,31.437500000000007,0.552,-6
31.6,31.627499999999998,0.0,-4
31.5,31.34499999999998,0.552,-7
31.46,31.507500000000004,0.0,-5
31.4,31.24750000000002,0.552,-8
31.4,31.4075,0.0,-6
31.32,31.215000000000014,0.552,-8
31.320000000000004,31.307499999999983,0.0,-7
31.22,31.067500000000003,0.552,-10
31.2,31.135,0.552,-9
31.04,30.742499999999996,1.104,-14
31.060000000000002,31.27249999999998,0.0,-7
31.2,31.759999999999998,0.0,0
31.18,30.902500000000003,1.6560000000000001,-11
31.360000000000003,31.912499999999994,-0.552,0
31.640000000000004,31.982499999999998,0.0,0
31.78,32.0,0.0,0
31.619999999999997,31.24000000000002,-1.104,8
31.839999999999996,32.0,0.0,0
31.839999999999996,32.0,0.0,0
31.839999999999996,32.0,0.0,0
31.839999999999996,32.0,0.0,0
32.0,32.0,0.0,0
32.0,32.0,0.0,0
31.48,30.245000000000005,22.08,-26
30.919999999999998,29.395000000000017,2.208,-28
30.339999999999996,29.142500000000005,2.208,-29
29.78,29.187500000000018,2.208,-28
29.159999999999997,28.977500000000003,22.08,-31
29.059999999999995,28.912499999999994,2.208,-31
29.040000000000003,29.112500000000004,2.208,-29
29.02,29.0225,2.208,-30
29.080000000000002,29.357500000000005,1.6560000000000001,-25
29.2,29.4775,2.208,-25
29.419999999999998,29.8375,1.104,-20
29.580000000000002,29.9075,1.6560000000000001,-21
29.839999999999996,30.189999999999987,1.104,-17
29.98,30.21500000000001,1.6560000000000001,-18
30.18,30.422500000000003,1.104,-15
30.339999999999996,30.68999999999998,0.552,-12
30.560000000000002,30.919999999999995,0.552,-10
30.68,30.922500000000003,0.552,-11
30.860000000000003,31.055,0.552,-9
31.020000000000003,31.22749999999998,0.0,-7
31.18,31.49249999999999,0.0,-4
31.360000000000003,31.787500000000005,0.0,-1
31.52,31.705000000000023,-0.552,3
31.380000000000003,30.73,-2.208,16
31.380000000000003,31.41499999999998,0.0,7
31.18,30.64749999999999,-1.6560000000000001,14
30.919999999999998,30.6125,-1.104,14
30.68,30.532500000000006,-1.104,15
30.560000000000002,30.03249999999998,-2.208,22
30.159999999999997,29.49749999999998,-2.208,27
29.76,28.8525,-22.08,34
29.160000000000004,27.960000000000008,-22.08,44
28.639999999999997,27.8525,-22.08,41
28.040000000000003,27.097499999999986,-22.08,52
27.679999999999996,27.540000000000003,-22.08,45
27.48,27.587500000000006,-22.08,44
27.48,27.59500000000001,-22.08,44
27.580000000000002,28.139999999999997,-22.08,36
27.82,28.089999999999996,-22.08,40
28.119999999999997,28.754999999999995,-1.6560000000000001,30
28.48,29.229999999999997,-1.6560000000000001,26
28.860000000000003,29.447499999999998,-1.6560000000000001,25
29.02,29.215000000000014,-2.208,28
29.28,29.33499999999998,-2.208,27
29.22,28.87500000000001,-22.08,33
29.060000000000002,28.660000000000007,-22.08,34
28.82,28.402499999999986,-22.08,37
28.640000000000004,28.31499999999998,-22.08,37
28.6,28.95750000000001,-1.6560000000000001,29
28.7,29.14250000000002,-2.208,28
28.919999999999998,29.53250000000002,-1.6560000000000001,23
29.28,29.945000000000004,-1.104,19
29.68,30.214999999999986,-1.104,17
29.98,30.49249999999999,-0.552,14
30.24,30.517500000000002,-1.104,15
30.419999999999998,30.5875,-1.104,14
30.6,30.8675,-0.552,10
30.660000000000004,30.597499999999997,-1.104,14
30.7,30.81499999999998,-0.552,12
30.82,31.057499999999994,-0.552,9
30.880000000000003,30.915000000000003,-1.104,11
30.880000000000003,31.007500000000004,-0.552,10
30.940000000000005,30.9125,-0.552,11
31.02,31.152500000000014,0.0,8
30.98,30.902500000000003,-1.104,11
31.04,31.17250000000002,0.0,8
31.059999999999995,31.125,-0.552,9
31.139999999999997,31.264999999999986,0.0,7
31.139999999999997,31.197500000000026,-0.552,8
31.159999999999997,31.035000000000004,-0.552,10
31.2,31.365,0.0,6
31.240000000000002,31.31249999999998,-0.552,7
31.24,31.30499999999998,-0.552,7
31.24,31.232500000000016,-0.552,8
31.24,31.070000000000004,-0.552,10
31.139999999999997,30.942500000000003,-0.552,11
31.140000000000004,31.287499999999977,0.0,7
31.159999999999997,31.3625,0.0,6
31.18,31.312499999999982,-0.552,7
31.259999999999998,31.3875,0.0,6
31.419999999999998,31.600000000000016,0.0,3
31.439999999999998,31.3975,-0.552,6
31.5,31.662500000000023,0.0,3
31.559999999999995,31.625,0.0,4
31.559999999999995,31.407500000000006,-0.74,6
31.52,31.507500000000004,0.0,5
31.54,31.5,0.0,5
31.5,31.5,0.0,5
31.439999999999998,31.34499999999998,-0.74,7
31.48,31.567499999999995,0.0,4
31.46,31.432500000000005,-0.74,6
31.5,31.65250000000002,0.0,3
29.8,25.714999999999996,-29.6,90
28.139999999999997,23.425,-29.6,90
26.419999999999998,23.0,-29.6,90
24.740000000000002,23.0,-29.6,90
23.0,23.0,-29.6,90
23.0,23.0,-29.6,90
23.0,23.0,-29.6,90
23.0,23.0,-29.6,90
23.0,23.0,-29.6,90
23.419999999999998,24.41750000000001,-29.6,69
24.14,26.007500000000014,-29.6,54
25.080000000000002,27.26750000000002,-29.6,43
26.359999999999996,28.7925,-1.48,26
27.859999999999996,30.057499999999997,-0.74,15
29.119999999999997,31.052500000000002,0.0,6
30.179999999999996,31.692500000000006,0.0,1
31.0,31.807499999999983,0.0,2
31.52,31.954999999999995,0.0,0
31.8,31.8975,0.0,-1
31.619999999999997,30.924999999999994,2.208,-15
31.28,30.36250000000002,1.6560000000000001,-18
30.939999999999998,30.1475,1.6560000000000001,-19
30.54,30.0375,1.6560000000000001,-20
30.18,30.112500000000004,1.104,-19
30.159999999999997,30.32250000000001,1.104,-16
30.24,30.52,1.104,-14
30.380000000000003,30.724999999999984,0.552,-12
30.54,30.789999999999974,0.552,-12
30.740000000000002,31.00249999999999,0.552,-9
30.880000000000003,31.084999999999997,0.552,-9
31.02,31.234999999999978,0.0,-7
31.140000000000004,31.357499999999998,0.0,-6
31.339999999999996,31.66499999999998,0.0,-2
31.48,31.77999999999998,0.0,-2
31.580000000000002,31.664999999999992,-0.552,4
31.68,31.799999999999976,0.0,2
31.72,31.624999999999993,0.0,4
31.660000000000004,31.5375,0.0,5
31.660000000000004,31.794999999999977,0.0,2
31.68,31.732500000000016,0.0,3
31.580000000000002,31.367499999999986,-0.552,7
31.54,31.407500000000006,0.0,6
31.540000000000003,31.472500000000004,0.0,5
31.439999999999998,31.302499999999974,-0.552,7
31.360000000000003,31.299999999999976,-0.552,7
31.4,31.497500000000002,0.0,5
31.52,31.8375,0.0,0
31.6,31.907500000000006,0.0,1
31.740000000000002,31.9875,0.0,0
31.72,31.350000000000016,1.104,-8
31.639999999999997,31.169999999999998,0.552,-9
31.419999999999998,30.970000000000006,1.104,-11
31.2,30.842499999999983,1.104,-12
30.979999999999997,30.887499999999996,0.552,-11
30.859999999999996,30.6775,1.104,-14
30.659999999999997,30.275,1.6560000000000001,-19
30.560000000000002,30.402500000000003,1.104,-16
30.28,29.665000000000003,22.08,-26
29.859999999999996,29.037499999999984,22.08,-32
29.54,28.964999999999996,2.208,-30
29.28,28.82499999999998,22.08,-32
28.74,28.06250000000001,22.08,-43
28.52,28.43499999999998,22.08,-37
28.24,27.57249999999999,22.08,-46
27.9,27.362499999999976,22.08,-47
27.72,27.909999999999997,22.08,-41
27.660000000000004,27.39749999999999,22.08,-46
27.579999999999995,27.837499999999995,22.08,-41
27.620000000000005,27.597500000000004,22.08,-44
27.740000000000002,27.892499999999995,22.08,-41
27.76,27.959999999999997,22.08,-40
27.919999999999998,28.130000000000013,22.08,-38
27.98,28.19000000000002,22.08,-38
28.380000000000003,29.145000000000003,0.552,-24
28.560000000000002,28.60499999999999,22.08,-32
28.740000000000002,28.90749999999999,2.208,-31
28.939999999999998,29.117500000000014,2.208,-28
29.139999999999997,29.18500000000002,2.208,-28
29.18,29.60499999999999,1.104,-22
29.360000000000003,29.702500000000008,1.6560000000000001,-23
29.5,29.637500000000006,1.6560000000000001,-24
29.54,29.445000000000004,2.208,-26
29.580000000000002,29.409999999999997,2.208,-26
29.459999999999997,29.265000000000015,2.208,-28
29.380000000000003,29.332499999999982,2.208,-27
29.28,29.145,2.208,-29
29.2,29.040000000000003,2.208,-30
29.04,28.735000000000003,22.08,-34
28.860000000000003,28.417499999999983,22.08,-37
28.939999999999998,29.492500000000017,1.104,-23
29.1,29.800000000000004,1.6560000000000001,-21
29.46,30.49749999999998,0.0,-12
30.0,31.09249999999998,0.0,-7
30.579999999999995,31.207500000000017,-1.104,8
30.8,30.81249999999998,-1.104,12
30.76,30.05750000000001,-2.208,23
30.28,28.877500000000005,-22.08,36
29.54,27.925,-22.08,44
28.82,27.640000000000008,-22.08,44
28.18,27.600000000000012,-22.08,44
27.880000000000003,28.165000000000013,-22.08,38
28.059999999999995,28.912499999999987,-1.6560000000000001,27
28.1,27.734999999999985,-29.6,42
28.6,29.702500000000004,0.0,19
29.419999999999998,31.11250000000002,1.48,-3
29.98,31.1475,1.48,-10
30.120000000000005,30.0725,2.96,-20
30.540000000000003,29.9375,2.22,-21
30.339999999999996,29.365,29.6,-29
29.72,28.802500000000002,29.6,-34
29.140000000000004,28.287500000000005,29.6,-39
28.76,28.125000000000007,29.6,-39
28.339999999999996,27.897499999999987,29.6,-42
28.04,27.68,29.6,-44
27.919999999999998,28.032500000000006,29.6,-40
28.48,29.9775,-1.48,-11
28.860000000000003,30.147499999999997,-29.6,20
28.02,24.950000000000014,-29.6,84
27.22,23.820000000000014,-29.6,84
26.340000000000003,23.600000000000016,-29.6,84
24.880000000000003,23.600000000000016,-29.6,84
23.6,23.600000000000016,-29.6,84
23.6,23.600000000000016,-29.6,84
23.6,23.600000000000016,-29.6,84
23.6,23.600000000000016,-29.6,84
23.6,23.600000000000016,-29.6,84
23.6,23.600000000000016,-29.6,84
23.6,23.600000000000016,-29.6,84
23.6,23.600000000000016,-29.6,84
23.339999999999996,22.722499999999993,-29.6,97
22.160000000000004,19.26,-29.6,143
21.02,18.06499999999999,-29.6,141
21.4,24.720000000000002,-0.552,65
21.78,25.34,-22.08,65
22.36,25.297500000000014,-22.08,68
23.8,25.012499999999996,-22.08,71
25.18,24.847499999999982,-22.08,72
25.18,25.4625,-22.08,65
25.18,25.485,-22.08,65
25.24,25.5,-22.08,65
25.36,25.5,-22.08,65
25.54,25.635000000000012,-22.08,63
25.7,26.09499999999999,-22.08,57
26.04,26.87750000000001,-22.08,48
26.580000000000002,27.83000000000002,-2.208,38
27.28,28.690000000000005,-1.6560000000000001,30
28.22,29.905,0.0,16
29.119999999999997,30.599999999999984,-0.552,12
29.9,30.982499999999995,-0.552,9
30.560000000000002,31.355,1.104,-5
30.939999999999998,30.875,1.104,-11
30.9,30.40750000000001,1.6560000000000001,-18
30.659999999999997,29.830000000000005,2.208,-24
29.96,28.28000000000001,22.08,-44
29.22,27.834999999999987,22.08,-42
28.5,27.422499999999985,22.08,-47
27.82,26.98249999999998,22.08,-52
27.3,26.959999999999997,22.08,-50
27.24,27.312499999999982,22.08,-47
27.160000000000004,27.36749999999999,22.08,-46
27.2,27.4625,22.08,-45
27.379999999999995,27.630000000000013,22.08,-43
27.76,28.500000000000007,1.6560000000000001,-31
28.22,29.3125,1.104,-24
28.679999999999996,29.632500000000014,1.6560000000000001,-23
29.18,29.8975,1.104,-20
29.78,30.457500000000017,0.552,-13
30.2,30.867500000000007,0.552,-10
30.52,31.120000000000015,0.552,-8
30.920000000000005,31.52750000000002,0.0,-3
31.18,31.242499999999986,-1.104,7
31.24,31.025,-0.552,10
31.22,30.942500000000003,-0.552,11
31.080000000000002,30.635,-1.104,15
30.82,30.452500000000004,-1.104,16
30.6,30.270000000000017,-1.6560000000000001,18
30.439999999999998,30.210000000000026,-1.104,18
30.32,30.32749999999998,-1.104,17
30.2,29.997500000000002,-1.6560000000000001,21
29.939999999999998,29.375,-22.08,29
29.839999999999996,29.805000000000017,-1.104,23
29.800000000000004,29.9775,-1.104,20
29.68,29.727500000000013,-2.208,23
29.68,29.895000000000003,-1.6560000000000001,21
29.919999999999998,30.194999999999983,-1.104,17
29.96,29.905,-1.6560000000000001,21
29.939999999999998,29.895,-1.6560000000000001,21
30.0,29.967499999999994,-1.6560000000000001,20
30.3,31.004999999999995,0.0,6
30.640000000000004,31.735000000000003,0.0,0
31.060000000000002,31.97,0.0,0
31.48,32.0,0.0,0
31.880000000000003,32.0,0.0,0
32.0,32.0,0.0,0
32.0,32.0,0.0,0
32.0,32.0,0.0,0
32.0,32.0,0.0,0
32.0,32.0,0.0,0
32.0,32.0,0.0,0
32.0,32.0,0.0,0
32.0,32.0,0.0,0
32.0,32.0,0.0,0
31.32,29.705000000000002,22.08,-34
30.580000000000002,28.567499999999985,22.08,-37
29.82,28.247500000000013,22.08,-38
29.04,28.137500000000006,22.08,-39
28.18,27.83500000000002,22.08,-43
28.02,27.787499999999987,22.08,-42
27.98,28.102500000000003,22.08,-39
28.140000000000004,28.707500000000003,1.6560000000000001,-30
28.360000000000003,29.090000000000014,2.208,-28
28.78,29.594999999999988,1.104,-22
29.340000000000003,30.30999999999999,0.552,-14
29.98,31.03249999999998,0.0,-7
30.5,31.46749999999999,0.0,-4
31.020000000000003,31.71999999999998,-0.552,2
31.4,31.722500000000014,0.0,3
31.520000000000003,31.270000000000017,-0.552,8
31.48,31.152499999999996,-0.552,9
31.360000000000003,31.0375,-0.552,10
31.080000000000002,30.600000000000005,-1.6560000000000001,16
30.8,30.362499999999983,-1.104,17
30.639999999999997,30.387499999999996,-1.104,16
30.4,30.0425,-1.6560000000000001,21
30.22,30.16749999999999,-1.104,19
30.060000000000002,29.722499999999997,-2.208,24
29.940000000000005,29.687500000000018,-1.6560000000000001,23
29.72,29.40999999999999,-2.208,27
29.639999999999997,29.535000000000004,-1.6560000000000001,25
29.5,29.422500000000003,-2.208,26
29.380000000000003,29.102499999999992,-22.08,30
29.240000000000002,29.014999999999997,-2.208,30
29.26,29.402499999999996,-1.6560000000000001,26
29.22,29.332499999999982,-2.208,27
29.18,29.23750000000001,-2.208,28
29.259999999999998,29.397499999999997,-1.6560000000000001,26
29.339999999999996,29.4,-2.208,26
29.380000000000003,29.534999999999997,-1.6560000000000001,24
29.439999999999998,29.590000000000003,-1.6560000000000001,24
29.520000000000003,29.6,-1.6560000000000001,24
29.580000000000002,29.667500000000018,-1.6560000000000001,23
29.679999999999996,29.830000000000005,-1.6560000000000001,21
29.7,29.687500000000018,-1.6560000000000001,23
29.740000000000002,29.807499999999987,-1.6560000000000001,22
29.759999999999998,29.702500000000022,-1.6560000000000001,23
29.78,29.807499999999987,-1.6560000000000001,22
29.82,29.999999999999993,-1.48,19
29.919999999999998,30.15250000000002,-1.48,18
30.080000000000002,30.465000000000003,-0.74,14
30.200000000000006,30.254999999999985,-2.22,17
30.4,30.69749999999998,-0.74,12
30.479999999999997,30.525,-1.48,15
30.52,30.43,29.6,-16
30.18,29.367499999999996,29.6,-31
29.32,27.017499999999995,29.6,-60
27.860000000000003,24.4575,29.6,-85
26.360000000000003,23.2875,29.6,-90
24.839999999999996,22.88999999999999,29.6,-92
23.639999999999997,22.907499999999985,29.6,-91
23.18,23.572500000000012,29.6,-83
23.22,23.665000000000017,29.6,-83
23.36,23.700000000000017,29.6,-83
23.360000000000003,22.932499999999987,29.6,-92
23.520000000000003,23.700000000000017,29.6,-83
23.52,23.700000000000017,29.6,-83
23.52,23.700000000000017,29.6,-83
23.52,23.700000000000017,29.6,-83
23.42,22.754999999999992,29.6,-97
22.720000000000002,20.952500000000004,29.6,-118
21.880000000000003,19.832500000000003,29.6,-125
20.919999999999998,19.12999999999999,29.6,-131
20.119999999999997,19.722500000000007,29.6,-123
20.16,21.690000000000005,29.6,-95
21.1,23.97999999999999,29.6,-71
22.560000000000002,26.062499999999982,29.6,-52
24.279999999999998,27.1775,29.6,-45
26.48,29.625000000000018,-1.104,-13
28.3,31.1475,0.0,-4
29.46,30.812500000000018,-2.208,13
30.24,30.722500000000025,-1.104,13
30.679999999999996,30.025000000000023,-2.208,23
30.4,29.47999999999999,-2.208,27
29.860000000000003,29.049999999999994,-22.08,31
29.419999999999998,28.65,-22.08,35
28.959999999999997,28.452499999999997,-22.08,36
28.660000000000004,28.27000000000001,-22.08,38
28.4,28.075000000000006,-22.08,40
28.32,28.4875,-2.208,35
28.46,28.96750000000002,-1.6560000000000001,28
28.619999999999997,29.16500000000002,-2.208,28
28.880000000000003,29.402500000000003,-1.6560000000000001,25
29.24,29.687499999999982,-1.6560000000000001,22
29.54,29.919999999999995,-1.104,20
29.72,30.057499999999997,-1.104,19
29.939999999999998,30.229999999999983,-1.104,17
30.120000000000005,30.357499999999998,-1.104,16
30.1,29.81000000000002,-2.208,23
30.26,30.657499999999978,0.0,12
30.48,31.047500000000014,0.0,8
30.72,31.382500000000004,0.0,5
31.0,31.687499999999982,0.552,-2
31.380000000000003,31.60499999999999,0.0,-4
31.4,31.035000000000007,1.104,-11
31.120000000000005,30.187499999999982,22.08,-22
30.78,29.85499999999998,1.6560000000000001,-22
30.259999999999998,29.39500000000001,22.08,-28
29.72,29.027500000000003,22.08,-31
29.380000000000003,29.162500000000016,2.208,-28
29.119999999999997,28.6675,22.08,-35
28.879999999999995,28.595000000000006,22.08,-34
28.9,29.25999999999999,1.6560000000000001,-27
29.0,29.362499999999994,2.208,-26
29.02,29.312499999999982,2.208,-27
29.22,29.45499999999999,1.6560000000000001,-25
29.48,29.7625,1.104,-21
29.639999999999997,30.014999999999997,1.104,-19
29.76,30.0225,1.6560000000000001,-20
29.880000000000003,29.905,1.6560000000000001,-21
29.98,30.0125,1.6560000000000001,-20
30.0,30.002499999999998,1.6560000000000001,-20
30.02,30.135000000000012,1.104,-18
30.04,30.122500000000002,1.6560000000000001,-19
30.1,30.187500000000018,1.104,-18
30.220000000000006,30.4675,0.552,-14
30.32,30.5125,1.104,-15
30.4,30.5875,1.104,-14
30.579999999999995,30.8675,0.74,-10
30.78,31.11500000000002,0.0,-8
30.9,31.19000000000002,0.74,-8
31.060000000000002,31.267499999999984,0.0,-7
31.220000000000006,31.3625,0.0,-6
31.359999999999996,31.597500000000018,0.0,-3
31.439999999999998,31.6175,0.0,-4
29.8,25.70999999999999,-29.6,90
28.139999999999997,23.419999999999998,-29.6,90
26.459999999999997,23.0,-29.6,90
24.72,23.0,-29.6,90
23.0,23.0,-29.6,90
23.0,23.0,-29.6,90
23.0,23.0,-29.6,90
23.0,23.0,-29.6,90
23.0,23.0,-29.6,90
23.0,23.0,-29.6,90
23.119999999999997,23.40500000000001,-29.6,84
23.78,25.39249999999999,-29.6,57
24.860000000000003,27.582499999999992,-2.22,36
26.24,29.307499999999997,-0.74,21
27.76,30.297499999999996,-0.74,14
29.26,30.902499999999996,0.0,9
30.2,31.007500000000004,-0.74,10
30.6,30.4475,-2.22,16
30.72,30.5075,-1.48,15
30.7,30.494999999999997,-1.48,15
30.560000000000002,30.402500000000003,-1.48,16
30.76,31.5125,1.104,0
31.04,31.78999999999998,0.0,2
31.18,31.330000000000013,-0.552,8
31.22,30.702500000000022,-1.104,13
31.139999999999997,30.252500000000005,-2.208,20
30.76,30.102500000000003,-1.104,19
30.32,29.7425,-2.208,24
29.919999999999998,29.35250000000002,-2.208,28
29.52,28.88250000000002,-22.08,33
29.18,28.45499999999999,-22.08,37
28.76,28.117499999999996,-22.08,40
28.98,30.150000000000023,22.08,-13
29.32,30.735000000000007,0.552,-11
29.82,31.09250000000002,0.0,-8
30.479999999999997,31.455000000000002,0.0,-4
31.24,31.714999999999982,-0.552,2
31.46,31.789999999999974,0.0,2
31.619999999999997,31.732500000000016,0.0,3
31.7,31.612499999999994,0.0,4
31.640000000000004,31.402499999999982,-0.552,7
31.5,31.17999999999999,-0.552,9
31.339999999999996,31.0425,-0.552,10
31.18,30.937500000000007,-0.552,11
31.060000000000002,31.0125,-0.552,10
30.98,30.9125,-0.552,11
30.939999999999998,30.902500000000003,-0.552,11
30.939999999999998,30.997500000000002,-0.552,10
30.96,31.0,-0.552,10
30.96,31.0,-0.552,10
30.98,31.0,-0.552,10
31.0,31.0,-0.552,10
31.0,31.0,-0.552,10
31.0,31.0,-0.552,10
31.0,31.0,-0.552,10
31.0,31.0,-0.552,10
31.0,31.0,-0.552,10
31.0,31.0,-0.552,10
31.0,31.0,-0.552,10
31.0,31.0,-0.552,10
31.0,31.0,-0.552,10
31.0,31.0,-0.552,10
31.0,31.0,-0.552,10
31.0,31.0,-0.552,10
31.0,31.0,-0.552,10
31.0,31.0,-0.552,10
31.0,31.0,-0.552,10
31.02,31.067499999999995,-0.552,9
31.04,31.09499999999999,-0.552,9
31.1,31.234999999999978,0.0,7
31.119999999999997,31.099999999999994,-0.552,9
31.139999999999997,31.099999999999994,-0.552,9
31.140000000000004,31.099999999999994,-0.552,9
31.140000000000004,31.099999999999994,-0.552,9
31.1,31.099999999999994,-0.552,9
31.1,31.099999999999994,-0.552,9
31.1,31.099999999999994,-0.552,9
31.1,31.099999999999994,-0.552,9
31.1,31.099999999999994,-0.552,9
31.1,31.099999999999994,-0.552,9
31.1,31.099999999999994,-0.552,9
31.1,31.099999999999994,-0.552,9
31.1,31.099999999999994,-0.552,9
31.1,31.099999999999994,-0.552,9
31.1,31.099999999999994,-0.552,9
31.119999999999997,31.167500000000018,-0.552,8
31.139999999999997,31.19500000000002,-0.552,8
31.159999999999997,31.200000000000024,-0.552,8
31.18,31.200000000000024,-0.552,8
31.18,31.1325,-0.552,9
31.18,31.200000000000024,-0.552,8
31.18,31.200000000000024,-0.552,8
31.179999999999996,31.200000000000024,-0.552,8
31.18,31.200000000000024,-0.552,8
31.2,31.200000000000024,-0.552,8
31.22,31.267499999999984,0.0,7
31.24,31.294999999999977,-0.552,7
31.26,31.299999999999976,-0.552,7
31.28,31.299999999999976,-0.552,7
31.3,31.299999999999976,-0.552,7
31.3,31.299999999999976,-0.552,7
31.3,31.299999999999976,-0.552,7
31.3,31.299999999999976,-0.552,7
31.4,31.637499999999978,0.0,2
31.419999999999998,31.3675,-0.552,6
31.46,31.4625,0.552,-5
31.48,31.4125,-1.104,6
31.5,31.402500000000003,0.0,6
31.419999999999998,31.400000000000006,0.0,6
31.439999999999998,31.4875,0.0,5
31.440000000000005,31.494999999999997,0.0,5
31.46,31.5,0.0,5
31.48,31.5,0.0,5
31.5,31.5,0.0,5
31.5,31.5,0.0,5
31.5,31.5,0.0,5
31.5,31.5,0.0,5
31.5,31.5,0.0,5
31.5,31.5,0.0,5
31.52,31.567499999999995,0.0,4
31.54,31.59499999999999,0.0,4
31.560000000000002,31.599999999999994,0.0,4
31.580000000000002,31.599999999999994,0.0,4
31.6,31.599999999999994,0.0,4
31.619999999999997,31.667500000000018,0.0,3
31.639999999999997,31.69500000000002,0.0,3
31.659999999999997,31.700000000000024,0.0,3
31.68,31.700000000000024,0.0,3
31.7,31.700000000000024,0.0,3
31.7,31.700000000000024,0.0,3
31.7,31.700000000000024,0.0,3
31.7,31.700000000000024,0.0,3
31.72,31.767499999999984,0.0,2
31.74,31.794999999999977,0.0,2
31.76,31.799999999999976,0.0,2
31.78,31.799999999999976,0.0,2
31.8,31.799999999999976,0.0,2
31.8,31.799999999999976,0.0,2
31.8,31.799999999999976,0.0,2
31.8,31.799999999999976,0.0,2
31.8,31.799999999999976,0.0,2
31.82,31.8675,0.0,1
31.839999999999996,31.895000000000003,0.0,1
31.859999999999996,31.900000000000006,0.0,1
31.840000000000003,31.745000000000015,0.552,-3
31.860000000000003,31.900000000000006,0.0,1
31.860000000000003,31.900000000000006,0.0,1
31.859999999999996,31.900000000000006,0.0,1
31.859999999999996,31.900000000000006,0.0,1
31.9,31.900000000000006,0.0,1
31.860000000000003,31.765000000000022,0.0,3
31.880000000000003,31.9675,0.0,0
31.9,31.994999999999997,0.0,0
31.919999999999998,32.0,0.0,0
31.939999999999998,32.0,0.0,0
32.0,32.0,0.0,0
32.0,32.0,0.0,0
32.0,32.0,0.0,0
31.98,31.932500000000005,0.0,-1
31.96,31.90500000000001,0.0,-1
31.939999999999998,31.900000000000006,0.0,-1
31.919999999999998,31.900000000000006,0.0,-1
31.9,31.900000000000006,0.0,-1
31.9,31.900000000000006,0.0,-1
31.9,31.900000000000006,0.0,-1
31.9,31.900000000000006,0.0,-1
31.9,31.900000000000006,0.0,-1
31.9,31.900000000000006,0.0,-1
31.880000000000003,31.832499999999982,0.0,-2
31.860000000000003,31.80499999999998,0.0,-2
31.840000000000003,31.799999999999976,0.0,-2
31.82,31.799999999999976,0.0,-2
31.8,31.799999999999976,0.0,-2
31.8,31.799999999999976,0.0,-2
31.8,31.799999999999976,0.0,-2
31.8,31.799999999999976,0.0,-2
31.8,31.799999999999976,0.0,-2
31.78,31.732500000000016,0.0,-3
31.76,31.705000000000023,0.0,-3
31.74,31.700000000000024,0.0,-3
31.72,31.700000000000024,0.0,-3
31.7,31.700000000000024,0.0,-3
31.7,31.700000000000024,0.0,-3
31.7,31.700000000000024,0.0,-3
31.7,31.700000000000024,0.0,-3
31.7,31.700000000000024,0.0,-3
31.7,31.700000000000024,0.0,-3
31.68,31.6325,0.0,-4
31.660000000000004,31.604999999999997,0.0,-4
31.640000000000004,31.599999999999994,0.0,-4
31.619999999999997,31.599999999999994,0.0,-4
31.6,31.599999999999994,0.0,-4
31.6,31.599999999999994,0.0,-4
31.6,31.599999999999994,0.0,-4
31.6,31.599999999999994,0.0,-4
31.6,31.599999999999994,0.0,-4
31.580000000000002,31.5325,0.0,-5
31.559999999999995,31.505000000000003,0.0,-5
31.54,31.5,0.0,-5
31.52,31.5,0.0,-5
31.5,31.5,0.0,-5
31.5,31.5,0.0,-5
31.5,31.5,0.0,-5
31.5,31.5,0.0,-5
31.48,31.432500000000005,0.552,-6
31.46,31.40500000000001,0.0,-6
31.439999999999998,31.400000000000006,0.0,-6
31.419999999999998,31.400000000000006,0.0,-6
31.4,31.400000000000006,0.0,-6
31.4,31.400000000000006,0.0,-6
31.4,31.400000000000006,0.0,-6
31.4,31.400000000000006,0.0,-6
31.4,31.400000000000006,0.0,-6
31.380000000000003,31.332499999999982,0.552,-7
31.360000000000003,31.30499999999998,0.552,-7
31.340000000000003,31.299999999999976,0.552,-7
31.32,31.299999999999976,0.552,-7
31.3,31.299999999999976,0.552,-7
31.3,31.299999999999976,0.552,-7
31.3,31.299999999999976,0.552,-7
31.3,31.299999999999976,0.552,-7
31.3,31.299999999999976,0.552,-7
31.28,31.232500000000016,0.552,-8
31.26,31.205000000000023,0.552,-8
31.24,31.200000000000024,0.552,-8
31.22,31.200000000000024,0.552,-8
31.2,31.200000000000024,0.552,-8
31.2,31.200000000000024,0.552,-8
31.2,31.200000000000024,0.552,-8
31.2,31.200000000000024,0.552,-8
31.2,31.200000000000024,0.552,-8
31.139999999999997,30.99750000000001,1.104,-11
31.119999999999997,31.1325,0.552,-9
31.1,31.104999999999997,0.552,-9
31.080000000000002,31.099999999999994,0.552,-9
31.060000000000002,31.099999999999994,0.552,-9
31.1,31.099999999999994,0.552,-9
31.1,31.099999999999994,0.552,-9
31.080000000000002,31.0325,0.552,-10
31.059999999999995,31.005000000000003,0.552,-10
31.04,31.0,0.552,-10
31.02,31.0,0.552,-10
31.0,31.0,0.552,-10
31.0,31.0,0.552,-10
31.0,31.0,0.552,-10
31.0,31.0,0.552,-10
30.98,30.932500000000005,0.552,-11
30.96,30.905,0.552,-11
30.939999999999998,30.9,0.552,-11
30.919999999999998,30.9,0.552,-11
30.860000000000003,30.765000000000015,1.104,-13
30.860000000000003,30.9,0.552,-11
30.860000000000003,30.9,0.552,-11
30.859999999999996,30.9,0.552,-11
30.859999999999996,30.9,0.552,-11
30.9,30.9,0.552,-11
30.9,30.9,0.552,-11
30.940000000000005,31.034999999999997,0.552,-9
30.940000000000005,30.9,1.104,-11
30.920000000000005,30.832499999999982,1.104,-12
30.9,30.80499999999998,0.552,-12
30.880000000000003,30.799999999999976,0.552,-12
30.82,30.799999999999976,0.552,-12
30.8,30.799999999999976,0.552,-12
30.8,30.799999999999976,0.552,-12
30.8,30.799999999999976,0.552,-12
30.8,30.799999999999976,0.552,-12
30.8,30.799999999999976,0.552,-12
30.8,30.799999999999976,0.552,-12
30.8,30.799999999999976,0.552,-12
30.8,30.799999999999976,0.552,-12
30.8,30.799999999999976,0.552,-12
30.78,30.73250000000001,1.104,-13
30.76,30.705000000000023,1.104,-13
30.74,30.700000000000024,1.104,-13
30.619999999999997,30.362500000000022,1.6560000000000001,-18
30.6,30.700000000000024,0.552,-13
30.6,30.700000000000024,1.104,-13
30.6,30.700000000000024,1.104,-13
30.6,30.700000000000024,1.104,-13
30.7,30.700000000000024,1.104,-13
30.7,30.700000000000024,1.104,-13
30.7,30.700000000000024,1.104,-13
30.7,30.700000000000024,1.104,-13
30.7,30.700000000000024,1.104,-13
30.8,31.037500000000023,0.0,-8
30.78,30.632500000000004,1.6560000000000001,-14
30.76,30.605,1.104,-14
30.740000000000002,30.6,1.104,-14
30.72,30.6,1.104,-14
30.6,30.6,1.104,-14
30.6,30.6,1.104,-14
30.6,30.6,1.104,-14
30.6,30.6,1.104,-14
30.6,30.6,1.104,-14
30.6,30.6,1.104,-14
30.6,30.6,1.104,-14
30.6,30.6,1.104,-14
30.6,30.6,1.104,-14
30.580000000000002,30.532500000000006,1.104,-15
30.559999999999995,30.505000000000003,1.104,-15
30.54,30.5,1.104,-15
30.52,30.5,1.104,-15
30.5,30.5,1.104,-15
30.5,30.5,1.104,-15
30.5,30.5,1.104,-15
30.5,30.5,1.104,-15
30.5,30.5,1.104,-15
30.5,30.5,1.104,-15
30.5,30.5,1.104,-15
30.5,30.5,1.104,-15
30.5,30.5,1.104,-15
30.5,30.5,1.104,-15
30.48,30.432500000000005,1.104,-16
30.46,30.405,1.104,-16
30.439999999999998,30.4,1.104,-16
30.419999999999998,30.4,1.104,-16
30.4,30.4,1.104,-16
30.4,30.4,1.104,-16
30.4,30.4,1.104,-16
30.4,30.4,1.104,-16
30.4,30.4,1.104,-16
30.380000000000003,30.332499999999982,1.104,-17
30.360000000000003,30.30499999999998,1.104,-17
30.340000000000003,30.299999999999976,1.104,-17
30.32,30.299999999999976,1.104,-17
30.3,30.299999999999976,1.104,-17
30.3,30.299999999999976,1.104,-17
30.28,30.23250000000001,1.104,-18
30.26,30.205000000000023,1.104,-18
30.24,30.200000000000024,1.104,-18
30.22,30.200000000000024,1.104,-18
30.2,30.200000000000024,1.104,-18
30.2,30.200000000000024,1.104,-18
30.2,30.200000000000024,1.104,-18
30.2,30.200000000000024,1.104,-18
30.18,30.132500000000004,1.6560000000000001,-19
30.160000000000004,30.105,1.6560000000000001,-19
30.140000000000004,30.1,1.6560000000000001,-19
30.119999999999997,30.1,1.6560000000000001,-19
30.1,30.1,1.6560000000000001,-19
30.080000000000002,30.032500000000006,1.6560000000000001,-20
30.059999999999995,30.005000000000003,1.6560000000000001,-20
30.04,30.0,1.6560000000000001,-20
30.02,30.0,1.6560000000000001,-20
30.0,30.0,1.6560000000000001,-20
30.0,30.0,1.6560000000000001,-20
30.0,30.0,1.6560000000000001,-20
29.98,29.932499999999997,1.6560000000000001,-21
30.04,30.20249999999998,1.104,-17
30.02,29.9125,1.6560000000000001,-21
30.0,29.902499999999996,1.6560000000000001,-21
29.979999999999997,29.9,1.6560000000000001,-21
29.98,29.9,1.6560000000000001,-21
29.9,29.9,1.6560000000000001,-21
29.880000000000003,29.832499999999982,1.6560000000000001,-22
29.860000000000003,29.80499999999998,1.6560000000000001,-22
29.840000000000003,29.799999999999976,1.6560000000000001,-22
29.82,29.799999999999976,1.6560000000000001,-22
29.8,29.799999999999976,1.6560000000000001,-22
29.8,29.799999999999976,1.6560000000000001,-22
29.8,29.799999999999976,1.6560000000000001,-22
29.8,29.799999999999976,1.6560000000000001,-22
29.78,29.73250000000001,1.6560000000000001,-23
29.76,29.705000000000023,1.6560000000000001,-23
29.74,29.700000000000024,1.6560000000000001,-23
29.72,29.700000000000024,1.6560000000000001,-23
29.7,29.700000000000024,1.6560000000000001,-23
29.7,29.700000000000024,1.6560000000000001,-23
29.68,29.632500000000004,1.6560000000000001,-24
29.660000000000004,29.605,1.6560000000000001,-24
29.640000000000004,29.6,1.6560000000000001,-24
29.619999999999997,29.6,1.6560000000000001,-24
29.6,29.6,1.6560000000000001,-24
29.6,29.6,1.6560000000000001,-24
29.6,29.6,1.6560000000000001,-24
29.580000000000002,29.532500000000006,2.208,-25
29.559999999999995,29.505000000000003,2.208,-25
29.54,29.5,2.208,-25
29.52,29.5,2.208,-25
29.5,29.5,2.208,-25
29.48,29.432499999999997,2.208,-26
29.48,29.5,1.6560000000000001,-25
29.46,29.4125,2.208,-26
29.439999999999998,29.402499999999996,2.208,-26
29.419999999999998,29.4,2.208,-26
29.419999999999998,29.4,2.208,-26
29.4,29.4,2.208,-26
29.4,29.4,2.208,-26
29.4,29.4,2.208,-26
29.380000000000003,29.332499999999982,2.208,-27
29.360000000000003,29.30499999999998,2.208,-27
29.340000000000003,29.299999999999976,2.208,-27
29.32,29.299999999999976,2.208,-27
29.3,29.299999999999976,2.208,-27
29.3,29.299999999999976,2.208,-27
29.28,29.23250000000001,2.208,-28
29.26,29.205000000000023,2.208,-28
29.24,29.200000000000024,2.208,-28
29.22,29.200000000000024,2.208,-28
29.2,29.200000000000024,2.208,-28
29.18,29.132500000000004,2.208,-29
29.160000000000004,29.105000000000008,2.208,-29
29.140000000000004,29.100000000000005,2.208,-29
29.119999999999997,29.100000000000005,2.208,-29
29.080000000000002,29.032500000000006,2.208,-30
29.059999999999995,29.005000000000003,2.208,-30
29.04,29.0,2.208,-30
29.02,29.0,2.208,-30
28.98,28.932499999999997,22.08,-31
28.96,28.904999999999994,2.208,-31
28.939999999999998,28.899999999999995,2.208,-31
28.919999999999998,28.899999999999995,2.208,-31
29.119999999999997,29.642499999999995,0.552,-20
29.1,28.832499999999982,22.08,-32
29.080000000000002,28.80499999999998,22.08,-32
29.060000000000002,28.799999999999976,22.08,-32
29.02,28.73250000000001,22.08,-33
28.76,28.705000000000023,22.08,-33
28.74,28.700000000000024,22.08,-33
28.7,28.632500000000004,22.08,-34
28.660000000000004,28.605000000000008,22.08,-34
28.640000000000004,28.600000000000005,22.08,-34
28.639999999999997,28.68750000000002,22.08,-33
28.6,28.532500000000006,22.08,-35
28.580000000000002,28.505000000000003,22.08,-35
28.540000000000003,28.432499999999994,22.08,-36
28.52,28.5,22.08,-35
28.46,28.412499999999994,22.08,-36
28.439999999999998,28.402499999999993,22.08,-36
28.419999999999998,28.399999999999995,22.08,-36
28.419999999999998,28.399999999999995,22.08,-36
28.380000000000003,28.332499999999982,22.08,-37
28.360000000000003,28.30499999999998,22.08,-37
28.340000000000003,28.299999999999983,22.08,-37
28.3,28.232500000000016,22.08,-38
28.46,28.90750000000001,1.6560000000000001,-28
28.439999999999998,28.212500000000013,22.08,-38
28.4,28.13500000000001,22.08,-39
28.360000000000003,28.105000000000008,22.08,-39
28.32,28.032500000000006,22.08,-40
28.079999999999995,28.005000000000003,22.08,-40
28.04,28.0,22.08,-40
28.02,28.0,22.08,-40
27.98,27.932499999999994,22.08,-41
27.96,27.904999999999994,22.08,-41
27.939999999999998,27.899999999999995,22.08,-41
27.919999999999998,27.899999999999995,22.08,-41
27.880000000000003,27.832499999999982,22.08,-42
27.860000000000003,27.80499999999998,22.08,-42
27.840000000000003,27.799999999999983,22.08,-42
27.8,27.732500000000016,22.08,-43
27.76,27.70500000000002,22.08,-43
27.74,27.700000000000017,22.08,-43
27.72,27.700000000000017,22.08,-43
27.7,27.700000000000017,22.08,-43
27.7,27.700000000000017,22.08,-43
27.68,27.63250000000001,22.08,-44
27.660000000000004,27.605000000000008,22.08,-44
27.640000000000004,27.600000000000012,22.08,-44
27.6,27.532500000000006,22.08,-45
27.559999999999995,27.505000000000003,22.08,-45
27.54,27.5,22.08,-45
27.52,27.5,22.08,-45
27.5,27.5,22.08,-45
27.48,27.432499999999994,22.08,-46
27.46,27.40499999999999,22.08,-46
27.439999999999998,27.399999999999988,22.08,-46
27.419999999999998,27.399999999999988,22.08,-46
27.380000000000003,27.332499999999982,22.08,-47
27.360000000000003,27.30499999999998,22.08,-47
27.340000000000003,27.299999999999983,22.08,-47
27.32,27.299999999999983,22.08,-47
27.28,27.23250000000001,22.08,-48
27.26,27.20500000000002,22.08,-48
27.24,27.200000000000017,22.08,-48
27.22,27.200000000000017,22.08,-48
27.2,27.200000000000017,22.08,-48
27.18,27.13250000000001,22.08,-49
27.160000000000004,27.105000000000008,22.08,-49
27.140000000000004,27.100000000000012,22.08,-49
27.119999999999997,27.100000000000012,22.08,-49
27.080000000000002,27.032500000000006,22.08,-50
27.059999999999995,27.005000000000003,22.08,-50
27.04,27.0,22.08,-50
27.02,27.0,22.08,-50
26.98,26.932499999999994,22.08,-51
26.96,26.90499999999999,22.08,-51
26.939999999999998,26.899999999999988,22.08,-51
26.96,27.055,22.08,-49
26.920000000000005,26.832499999999982,22.08,-52
26.9,26.804999999999986,22.08,-52
27.119999999999997,27.702500000000004,2.208,-40
27.04,26.597499999999997,22.08,-55
26.96,26.73250000000001,22.08,-53
26.940000000000005,26.70500000000002,22.08,-53
26.919999999999998,26.700000000000017,22.08,-53
26.660000000000004,26.700000000000017,22.08,-53
26.68,26.63250000000001,22.08,-54
26.660000000000004,26.60500000000001,22.08,-54
26.619999999999997,26.532500000000006,22.08,-55
26.579999999999995,26.505000000000003,22.08,-55
26.54,26.5,22.08,-55
26.5,26.432499999999994,22.08,-56
26.46,26.40499999999999,22.08,-56
26.419999999999998,26.332499999999982,22.08,-57
26.380000000000003,26.304999999999986,22.08,-57
26.340000000000003,26.299999999999983,22.08,-57
26.3,26.23250000000001,22.08,-58
26.26,26.20500000000002,22.08,-58
26.22,26.132500000000014,22.08,-59
26.18,26.10500000000001,22.08,-59
26.140000000000004,26.100000000000016,22.08,-59
26.1,26.032500000000006,22.08,-60
26.059999999999995,26.005000000000003,22.08,-60
26.02,25.932499999999987,22.08,-61
25.98,25.904999999999983,22.08,-61
25.939999999999998,25.899999999999984,22.08,-61
25.9,25.832499999999982,22.08,-62
25.860000000000003,25.804999999999986,22.08,-62
25.840000000000003,25.799999999999983,22.08,-62
25.82,25.799999999999983,22.08,-62
25.78,25.73250000000001,22.08,-63
25.76,25.70500000000002,22.08,-63
25.74,25.700000000000017,22.08,-63
25.72,25.700000000000017,22.08,-63
25.7,25.700000000000017,22.08,-63
25.7,25.700000000000017,22.08,-63
25.7,25.700000000000017,22.08,-63
25.7,25.700000000000017,22.08,-63
25.7,25.700000000000017,22.08,-63
25.7,25.700000000000017,22.08,-63
25.7,25.700000000000017,22.08,-63
25.7,25.700000000000017,22.08,-63
25.68,25.632500000000014,22.08,-64
25.660000000000004,25.60500000000001,22.08,-64
25.640000000000004,25.600000000000012,22.08,-64
25.619999999999997,25.600000000000012,22.08,-64
25.6,25.600000000000012,22.08,-64
25.6,25.600000000000012,22.08,-64
25.6,25.600000000000012,22.08,-64
25.6,25.600000000000012,22.08,-64
25.6,25.600000000000012,22.08,-64
25.6,25.600000000000012,22.08,-64
25.6,25.600000000000012,22.08,-64
25.6,25.600000000000012,22.08,-64
25.6,25.600000000000012,22.08,-64
25.6,25.600000000000012,22.08,-64
25.6,25.600000000000012,22.08,-64
25.6,25.600000000000012,22.08,-64
25.6,25.600000000000012,22.08,-64
25.6,25.600000000000012,22.08,-64
25.6,25.600000000000012,22.08,-64
25.6,25.600000000000012,22.08,-64
25.6,25.600000000000012,22.08,-64
25.6,25.600000000000012,22.08,-64
25.6,25.600000000000012,22.08,-64
25.6,25.600000000000012,22.08,-64
25.6,25.600000000000012,22.08,-64
25.6,25.600000000000012,22.08,-64
25.6,25.600000000000012,22.08,-64
25.6,25.600000000000012,22.08,-64
25.6,25.600000000000012,22.08,-64
25.6,25.600000000000012,22.08,-64
25.6,25.600000000000012,22.08,-64
25.6,25.600000000000012,22.08,-64
25.6,25.600000000000012,22.08,-64
25.6,25.600000000000012,22.08,-64
25.6,25.600000000000012,22.08,-64
25.6,25.600000000000012,22.08,-64
25.6,25.600000000000012,22.08,-64
25.6,25.600000000000012,22.08,-64
25.6,25.600000000000012,22.08,-64
25.6,25.600000000000012,22.08,-64
25.6,25.600000000000012,22.08,-64
25.6,25.600000000000012,22.08,-64
25.6,25.600000000000012,22.08,-64
25.6,25.600000000000012,22.08,-64
25.6,25.600000000000012,22.08,-64
25.6,25.600000000000012,22.08,-64
25.6,25.600000000000012,22.08,-64
25.6,25.600000000000012,22.08,-64
25.6,25.600000000000012,22.08,-64
25.6,25.600000000000012,22.08,-64
25.6,25.600000000000012,22.08,-64
25.6,25.600000000000012,22.08,-64
25.580000000000002,25.532500000000006,22.08,-65
25.559999999999995,25.505000000000003,22.08,-65
25.54,25.5,22.08,-65
25.5,25.43249999999999,22.08,-66
25.46,25.404999999999983,22.08,-66
25.419999999999998,25.332499999999982,22.08,-67
25.380000000000003,25.304999999999982,22.08,-67
25.32,25.23250000000001,22.08,-68
25.28,25.20500000000002,22.08,-68
25.22,25.132500000000014,22.08,-69
25.18,25.105000000000015,22.08,-69
25.12,25.032500000000006,22.08,-70
25.08,25.005000000000003,22.08,-70
25.02,24.93249999999999,22.08,-71
24.96,24.837499999999984,22.08,-72
24.9,24.804999999999982,22.08,-72
24.839999999999996,24.73250000000001,22.08,-73
24.78,24.70500000000002,22.08,-73
24.72,24.632500000000014,22.08,-74
24.66,24.537500000000005,22.08,-75
24.560000000000002,24.369999999999987,22.08,-77
24.500000000000004,24.407499999999985,22.08,-76
24.419999999999998,24.312499999999986,22.08,-77
24.34,24.235000000000007,22.08,-78
24.279999999999998,24.20500000000002,22.08,-78
24.139999999999997,23.795000000000016,22.08,-84
24.080000000000002,24.132500000000014,22.08,-79
24.020000000000003,24.037500000000005,22.08,-80
23.979999999999997,24.005000000000003,22.08,-80
23.919999999999998,23.93249999999999,22.08,-81
23.959999999999997,23.837499999999984,22.08,-82
23.880000000000003,23.737500000000008,22.08,-83
23.8,23.637500000000017,22.08,-84
23.72,23.605000000000015,22.08,-84
23.64,23.532500000000006,22.08,-85
23.58,23.505000000000003,22.08,-85
23.52,23.43249999999999,22.08,-86
23.48,23.404999999999983,22.08,-86
23.419999999999998,23.332499999999982,22.08,-87
23.360000000000003,23.237500000000004,22.08,-88
23.3,23.205000000000016,22.08,-88
23.32,23.454999999999995,22.08,-85
23.259999999999998,23.132500000000014,22.08,-89
23.2,23.037500000000005,22.08,-90
23.16,23.005000000000003,22.08,-90
23.1,22.93249999999999,22.08,-91
22.98,22.904999999999983,22.08,-91
22.939999999999998,22.899999999999984,22.08,-91
22.9,22.832499999999985,22.08,-92
22.860000000000003,22.804999999999986,22.08,-92
22.82,22.732500000000005,22.08,-93
22.779999999999994,22.705000000000016,22.08,-93
22.72,22.632500000000014,22.08,-94
22.68,22.605000000000015,22.08,-94
22.62,22.532500000000006,22.08,-95
22.58,22.505000000000003,22.08,-95
22.54,22.5,22.08,-95
22.5,22.43249999999999,22.08,-96
22.46,22.404999999999983,22.08,-96
22.419999999999998,22.332499999999985,22.08,-97
22.360000000000003,22.237500000000004,22.08,-98
22.3,22.205000000000016,22.08,-98
22.24,22.132500000000014,22.08,-99
22.16,22.037500000000005,22.08,-100
22.1,22.005000000000003,22.08,-100
22.04,21.93249999999999,22.08,-101
21.959999999999997,21.837499999999984,22.08,-102
21.9,21.804999999999986,22.08,-102
21.839999999999996,21.732500000000005,22.08,-103
21.779999999999994,21.705000000000016,22.08,-103
21.72,21.632500000000014,22.08,-104
21.68,21.605000000000015,22.08,-104
21.62,21.532500000000006,22.08,-105
21.58,21.505000000000003,22.08,-105
21.52,21.43249999999999,22.08,-106
21.459999999999997,21.337499999999984,22.08,-107
21.380000000000003,21.237500000000004,22.08,-108
21.3,21.137500000000014,22.08,-109
21.2,21.0375,22.08,-110
21.1,20.93749999999999,22.08,-111
21.020000000000003,20.904999999999987,22.08,-111
20.939999999999998,20.83249999999999,22.08,-112
20.86,20.737500000000004,22.08,-113
20.78,20.637500000000014,22.08,-114
20.7,20.5375,22.08,-115
20.56,20.302500000000006,22.08,-118
20.46,20.282499999999995,22.08,-117
20.360000000000003,20.212500000000006,22.08,-118
20.259999999999998,20.135000000000012,22.08,-119
20.18,20.105000000000015,22.08,-119
20.14,20.032500000000006,22.08,-120
20.06,19.93749999999999,22.08,-121
19.98,19.837499999999984,22.08,-122
19.919999999999998,19.804999999999986,22.08,-122
19.839999999999996,19.732500000000005,22.08,-123
19.759999999999998,19.637500000000014,22.08,-124
19.7,19.60500000000001,22.08,-124
19.64,19.532500000000006,22.08,-125
22.08,27.99000000000001,-22.08,0
24.54,31.380000000000003,0.0,0
27.02,32.0,0.0,0
29.5,32.0,0.0,0
32.0,32.0,0.0,0
32.0,32.0,0.0,0
32.0,32.0,0.0,0
32.0,32.0,0.0,0
32.0,32.0,0.0,0
32.0,32.0,0.0,0
